#Adresy - 150
insert into Addresses(id, City, Street, Building, Apartment, PostCode) values (1, 'Putinci', 'Superior', '79', null, 170);
insert into Addresses(id, City, Street, Building, Apartment, PostCode) values (2, 'Russeifa', 'Katie', '2', '38760', 165);
insert into Addresses(id, City, Street, Building, Apartment, PostCode) values (3, 'Miragaia', 'Charing Cross', '3', '96', 390);
insert into Addresses(id, City, Street, Building, Apartment, PostCode) values (4, 'Heliconia', 'Monica', '5865', '838', 23);
insert into Addresses(id, City, Street, Building, Apartment, PostCode) values (5, 'Sukawaris', 'Rieder', '5523', '388', 308);
insert into Addresses(id, City, Street, Building, Apartment, PostCode) values (6, 'Ujazd', 'Daystar', '53536', '63542', 84);
insert into Addresses(id, City, Street, Building, Apartment, PostCode) values (7, 'Serra D''El Rei', 'Trailsway', '2', null, 319);
insert into Addresses(id, City, Street, Building, Apartment, PostCode) values (8, 'Houston', 'Heath', '1178', null, 497);
insert into Addresses(id, City, Street, Building, Apartment, PostCode) values (9, 'Port Erin', 'Twin Pines', '6', null, 148);
insert into Addresses(id, City, Street, Building, Apartment, PostCode) values (10, 'Ushiku', 'Butterfield', '31', '92368', 176);
insert into Addresses(id, City, Street, Building, Apartment, PostCode) values (11, 'Bulu', 'Holy Cross', '33', '85', 38);
insert into Addresses(id, City, Street, Building, Apartment, PostCode) values (12, 'Tall Tamr', 'Oriole', '9', '239', 173);
insert into Addresses(id, City, Street, Building, Apartment, PostCode) values (13, 'Zhujiang', 'Old Gate', '06', null, 368);
insert into Addresses(id, City, Street, Building, Apartment, PostCode) values (14, 'Sigay', 'Summerview', '13', '5645', 50);
insert into Addresses(id, City, Street, Building, Apartment, PostCode) values (15, 'Church End', 'Bartelt', '66', '7698', 333);
insert into Addresses(id, City, Street, Building, Apartment, PostCode) values (16, 'Tor', 'Independence', '5154', null, 354);
insert into Addresses(id, City, Street, Building, Apartment, PostCode) values (17, 'Murmuiža', 'Fieldstone', '4', null, 434);
insert into Addresses(id, City, Street, Building, Apartment, PostCode) values (18, 'Tabora', 'Park Meadow', '3943', '503', 58);
insert into Addresses(id, City, Street, Building, Apartment, PostCode) values (19, 'Jiquinlaca', 'Mcguire', '8', '4', 123);
insert into Addresses(id, City, Street, Building, Apartment, PostCode) values (20, 'Pilchowice', 'Esker', '812', '221', 362);
insert into Addresses(id, City, Street, Building, Apartment, PostCode) values (21, 'Aserrío de Gariché', 'Fremont', '83', '3775', 260);
insert into Addresses(id, City, Street, Building, Apartment, PostCode) values (22, 'Kasangulu', 'Hanson', '02822', '90207', 178);
insert into Addresses(id, City, Street, Building, Apartment, PostCode) values (23, 'Baiyin', 'Jackson', '449', '7910', 239);
insert into Addresses(id, City, Street, Building, Apartment, PostCode) values (24, 'Novi Pazar', 'Elka', '9956', '1145', 118);
insert into Addresses(id, City, Street, Building, Apartment, PostCode) values (25, 'Ambositra', 'Arizona', '47', '21', 57);
insert into Addresses(id, City, Street, Building, Apartment, PostCode) values (26, 'Port-Gentil', 'Mallory', '26', '1974', 184);
insert into Addresses(id, City, Street, Building, Apartment, PostCode) values (27, 'Fort McMurray', 'Nelson', '8', '252', 454);
insert into Addresses(id, City, Street, Building, Apartment, PostCode) values (28, 'Mokolo', 'Shasta', '9', null, 90);
insert into Addresses(id, City, Street, Building, Apartment, PostCode) values (29, 'Borik', 'Esch', '592', '8245', 434);
insert into Addresses(id, City, Street, Building, Apartment, PostCode) values (30, 'Jiangtou', 'Division', '42362', '0755', 397);
insert into Addresses(id, City, Street, Building, Apartment, PostCode) values (31, 'Tegalrejo', 'Waxwing', '463', null, 220);
insert into Addresses(id, City, Street, Building, Apartment, PostCode) values (32, 'Emiliano Zapata', 'American', '776', '0435', 418);
insert into Addresses(id, City, Street, Building, Apartment, PostCode) values (33, 'Ono', 'Forest', '31947', null, 41);
insert into Addresses(id, City, Street, Building, Apartment, PostCode) values (34, 'Ciudad Bolívar', 'Columbus', '92398', null, 198);
insert into Addresses(id, City, Street, Building, Apartment, PostCode) values (35, 'Balungao', 'Spohn', '239', '1192', 92);
insert into Addresses(id, City, Street, Building, Apartment, PostCode) values (36, 'Galimuyod', 'Village Green', '23599', null, 414);
insert into Addresses(id, City, Street, Building, Apartment, PostCode) values (37, 'Andros Town', 'Gulseth', '85', null, 136);
insert into Addresses(id, City, Street, Building, Apartment, PostCode) values (38, 'Visby', 'Heffernan', '9560', '12', 373);
insert into Addresses(id, City, Street, Building, Apartment, PostCode) values (39, 'Nový Bydžov', 'Farwell', '7', null, 11);
insert into Addresses(id, City, Street, Building, Apartment, PostCode) values (40, 'Sosnovka', 'Hanover', '2', '31157', 88);
insert into Addresses(id, City, Street, Building, Apartment, PostCode) values (41, 'Igrim', 'Red Cloud', '72', '298', 143);
insert into Addresses(id, City, Street, Building, Apartment, PostCode) values (42, 'Dianwan', 'Summer Ridge', '87274', null, 474);
insert into Addresses(id, City, Street, Building, Apartment, PostCode) values (43, 'Vicuña Mackenna', 'Charing Cross', '8499', '372', 1);
insert into Addresses(id, City, Street, Building, Apartment, PostCode) values (44, 'Kishkenekol’', 'Bartelt', '694', '5', 5);
insert into Addresses(id, City, Street, Building, Apartment, PostCode) values (45, 'Pamplona/Iruña', 'Oxford', '44', null, 491);
insert into Addresses(id, City, Street, Building, Apartment, PostCode) values (46, 'Donnycarney', 'Center', '8001', null, 484);
insert into Addresses(id, City, Street, Building, Apartment, PostCode) values (47, 'Shangkuli', 'Laurel', '64', '48011', 408);
insert into Addresses(id, City, Street, Building, Apartment, PostCode) values (48, 'Pulau Pinang', 'Meadow Valley', '0', null, 322);
insert into Addresses(id, City, Street, Building, Apartment, PostCode) values (49, 'Guansheng', 'Lillian', '5939', null, 209);
insert into Addresses(id, City, Street, Building, Apartment, PostCode) values (50, 'Norrköping', 'Merry', '27959', '2798', 82);
insert into Addresses(id, City, Street, Building, Apartment, PostCode) values (51, 'Tremembé', 'Sugar', '0', null, 91);
insert into Addresses(id, City, Street, Building, Apartment, PostCode) values (52, 'Prachuap Khiri Khan', 'Trailsway', '58478', null, 171);
insert into Addresses(id, City, Street, Building, Apartment, PostCode) values (53, 'Faqīrwāli', 'Union', '5', '91', 8);
insert into Addresses(id, City, Street, Building, Apartment, PostCode) values (54, 'Tullich', 'Forest Dale', '78557', null, 361);
insert into Addresses(id, City, Street, Building, Apartment, PostCode) values (55, 'Daşoguz', 'Old Gate', '8859', '74', 150);
insert into Addresses(id, City, Street, Building, Apartment, PostCode) values (56, 'Anserma', 'Basil', '2235', null, 229);
insert into Addresses(id, City, Street, Building, Apartment, PostCode) values (57, 'Barberton', 'Lawn', '35898', '837', 49);
insert into Addresses(id, City, Street, Building, Apartment, PostCode) values (58, 'Brzyska', 'Southridge', '04261', null, 342);
insert into Addresses(id, City, Street, Building, Apartment, PostCode) values (59, 'Vohipaho', 'Melrose', '46', '05854', 404);
insert into Addresses(id, City, Street, Building, Apartment, PostCode) values (60, 'Talitsa', 'Oak Valley', '52', '800', 453);
insert into Addresses(id, City, Street, Building, Apartment, PostCode) values (61, 'Środa Wielkopolska', 'Del Sol', '96760', null, 381);
insert into Addresses(id, City, Street, Building, Apartment, PostCode) values (62, 'Roma', 'Village', '70', null, 126);
insert into Addresses(id, City, Street, Building, Apartment, PostCode) values (63, 'Mistrató', 'Del Mar', '75521', '7', 405);
insert into Addresses(id, City, Street, Building, Apartment, PostCode) values (64, 'Sabana Grande de Boyá', 'Kenwood', '2674', null, 494);
insert into Addresses(id, City, Street, Building, Apartment, PostCode) values (65, 'Dagou', 'Westport', '80', '9762', 216);
insert into Addresses(id, City, Street, Building, Apartment, PostCode) values (66, 'Golynki', 'Shoshone', '6', null, 318);
insert into Addresses(id, City, Street, Building, Apartment, PostCode) values (67, 'Orléans', 'Annamark', '2', '29614', 194);
insert into Addresses(id, City, Street, Building, Apartment, PostCode) values (68, 'Ribeira Quente', 'Sunbrook', '8070', '73', 354);
insert into Addresses(id, City, Street, Building, Apartment, PostCode) values (69, 'Damai', 'Eggendart', '5905', null, 490);
insert into Addresses(id, City, Street, Building, Apartment, PostCode) values (70, 'Orenburg', 'Farmco', '28', '59', 85);
insert into Addresses(id, City, Street, Building, Apartment, PostCode) values (71, 'La Concordia', 'Vera', '788', '993', 99);
insert into Addresses(id, City, Street, Building, Apartment, PostCode) values (72, 'Yylanly', 'Ramsey', '9903', '57250', 339);
insert into Addresses(id, City, Street, Building, Apartment, PostCode) values (73, 'Santo Antônio de Posse', 'Springview', '87', null, 25);
insert into Addresses(id, City, Street, Building, Apartment, PostCode) values (74, 'Tucheng', 'Browning', '92858', '495', 248);
insert into Addresses(id, City, Street, Building, Apartment, PostCode) values (75, 'Lolayan', 'Scoville', '187', null, 62);
insert into Addresses(id, City, Street, Building, Apartment, PostCode) values (76, 'Butel', 'Bellgrove', '2', '11', 263);
insert into Addresses(id, City, Street, Building, Apartment, PostCode) values (77, 'Beilun', 'Mandrake', '2703', '6662', 122);
insert into Addresses(id, City, Street, Building, Apartment, PostCode) values (78, 'Qiaogu', 'Pierstorff', '539', null, 52);
insert into Addresses(id, City, Street, Building, Apartment, PostCode) values (79, 'Mekarsari', 'Center', '74', '80', 27);
insert into Addresses(id, City, Street, Building, Apartment, PostCode) values (80, 'Debrecen', 'Clemons', '289', null, 150);
insert into Addresses(id, City, Street, Building, Apartment, PostCode) values (81, 'Xinó Neró', 'Old Shore', '4', null, 52);
insert into Addresses(id, City, Street, Building, Apartment, PostCode) values (82, 'Naj‘ Ḩammādī', 'Jackson', '73', '3', 442);
insert into Addresses(id, City, Street, Building, Apartment, PostCode) values (83, 'San Basilio', 'Bayside', '7118', '6029', 17);
insert into Addresses(id, City, Street, Building, Apartment, PostCode) values (84, 'Yasinya', 'Shasta', '58', null, 138);
insert into Addresses(id, City, Street, Building, Apartment, PostCode) values (85, 'Leuwayang', 'Meadow Ridge', '8', '313', 466);
insert into Addresses(id, City, Street, Building, Apartment, PostCode) values (86, 'Mbongawani', 'Kropf', '3406', '96782', 416);
insert into Addresses(id, City, Street, Building, Apartment, PostCode) values (87, 'Zhalinghu', 'Pond', '2', '231', 198);
insert into Addresses(id, City, Street, Building, Apartment, PostCode) values (88, 'Hanbin', 'Reinke', '0', null, 131);
insert into Addresses(id, City, Street, Building, Apartment, PostCode) values (89, 'Qiaodi', 'Ridgeway', '95598', null, 30);
insert into Addresses(id, City, Street, Building, Apartment, PostCode) values (90, 'Sabang', 'Quincy', '8', null, 365);
insert into Addresses(id, City, Street, Building, Apartment, PostCode) values (91, 'Chengshan', 'Village', '607', '119', 416);
insert into Addresses(id, City, Street, Building, Apartment, PostCode) values (92, 'Krajan Satu', 'Fairfield', '52', null, 458);
insert into Addresses(id, City, Street, Building, Apartment, PostCode) values (93, 'Napoli', 'Havey', '36', null, 464);
insert into Addresses(id, City, Street, Building, Apartment, PostCode) values (94, 'Kapuan', '5th', '5178', '575', 282);
insert into Addresses(id, City, Street, Building, Apartment, PostCode) values (95, 'Phnom Penh', 'Atwood', '39216', '933', 27);
insert into Addresses(id, City, Street, Building, Apartment, PostCode) values (96, 'Menglie', 'Delaware', '39', null, 384);
insert into Addresses(id, City, Street, Building, Apartment, PostCode) values (97, 'Curiapo', 'Petterle', '643', null, 420);
insert into Addresses(id, City, Street, Building, Apartment, PostCode) values (98, 'Stare Kurowo', 'Hudson', '31', null, 301);
insert into Addresses(id, City, Street, Building, Apartment, PostCode) values (99, 'Pingshan', 'Canary', '0', null, 116);
insert into Addresses(id, City, Street, Building, Apartment, PostCode) values (100, 'Ambarita', 'Lillian', '4287', null, 230);
insert into Addresses(id, City, Street, Building, Apartment, PostCode) values (101, 'Rudnichnyy', 'Steensland', '58735', null, 340);
insert into Addresses(id, City, Street, Building, Apartment, PostCode) values (102, 'Garupá', 'Sauthoff', '590', '7720', 369);
insert into Addresses(id, City, Street, Building, Apartment, PostCode) values (103, 'Siliana', 'Coolidge', '7', '07', 294);
insert into Addresses(id, City, Street, Building, Apartment, PostCode) values (104, 'Puerto Rico', 'Mcguire', '64', '6', 273);
insert into Addresses(id, City, Street, Building, Apartment, PostCode) values (105, 'Padre Paraíso', 'Pankratz', '2305', null, 150);
insert into Addresses(id, City, Street, Building, Apartment, PostCode) values (106, 'Kungsbacka', 'Golf Course', '746', null, 68);
insert into Addresses(id, City, Street, Building, Apartment, PostCode) values (107, 'Horodok', 'Monterey', '2852', null, 342);
insert into Addresses(id, City, Street, Building, Apartment, PostCode) values (108, 'Lakota', 'Gale', '78654', null, 225);
insert into Addresses(id, City, Street, Building, Apartment, PostCode) values (109, 'Bulasa', 'Claremont', '75779', '9559', 197);
insert into Addresses(id, City, Street, Building, Apartment, PostCode) values (110, 'København', 'Shelley', '3256', '135', 153);
insert into Addresses(id, City, Street, Building, Apartment, PostCode) values (111, 'Los Pinos', 'Macpherson', '222', null, 315);
insert into Addresses(id, City, Street, Building, Apartment, PostCode) values (112, 'Maguan', 'Golden Leaf', '3790', '7279', 270);
insert into Addresses(id, City, Street, Building, Apartment, PostCode) values (113, 'Irupi', 'Talmadge', '62242', '3', 378);
insert into Addresses(id, City, Street, Building, Apartment, PostCode) values (114, 'Xiayang', 'Sundown', '3', '80439', 299);
insert into Addresses(id, City, Street, Building, Apartment, PostCode) values (115, 'Acacías', 'Delladonna', '6964', '41', 410);
insert into Addresses(id, City, Street, Building, Apartment, PostCode) values (116, 'Al Qubbah', 'Vahlen', '2261', '94311', 83);
insert into Addresses(id, City, Street, Building, Apartment, PostCode) values (117, 'Allacapan', 'Meadow Vale', '8', null, 303);
insert into Addresses(id, City, Street, Building, Apartment, PostCode) values (118, 'Bitaogan', 'Gale', '773', null, 354);
insert into Addresses(id, City, Street, Building, Apartment, PostCode) values (119, 'Roberval', 'Dexter', '4', null, 3);
insert into Addresses(id, City, Street, Building, Apartment, PostCode) values (120, 'Campinho', 'Eastlawn', '8', '382', 372);
insert into Addresses(id, City, Street, Building, Apartment, PostCode) values (121, 'Staryye Atagi', 'Westport', '07058', '97913', 426);
insert into Addresses(id, City, Street, Building, Apartment, PostCode) values (122, 'Hotonj', 'Arkansas', '401', null, 456);
insert into Addresses(id, City, Street, Building, Apartment, PostCode) values (123, 'Waiklibang', 'Forest', '503', null, 440);
insert into Addresses(id, City, Street, Building, Apartment, PostCode) values (124, 'San Fabian', 'Manitowish', '8', '17910', 78);
insert into Addresses(id, City, Street, Building, Apartment, PostCode) values (125, 'Changzheng', 'Harbort', '45654', '7', 368);
insert into Addresses(id, City, Street, Building, Apartment, PostCode) values (126, 'Huji', 'Maple', '37102', '6121', 25);
insert into Addresses(id, City, Street, Building, Apartment, PostCode) values (127, 'Allacapan', 'Oak', '557', '421', 92);
insert into Addresses(id, City, Street, Building, Apartment, PostCode) values (128, 'Lewin Kłodzki', 'Pierstorff', '56072', '4857', 318);
insert into Addresses(id, City, Street, Building, Apartment, PostCode) values (129, 'Kameda-honchō', 'Sundown', '8', null, 495);
insert into Addresses(id, City, Street, Building, Apartment, PostCode) values (130, 'Alabug', 'Jenna', '4849', null, 98);
insert into Addresses(id, City, Street, Building, Apartment, PostCode) values (131, 'Fort Liberté', 'Mccormick', '0839', null, 260);
insert into Addresses(id, City, Street, Building, Apartment, PostCode) values (132, 'Barrosa', 'Calypso', '2631', null, 391);
insert into Addresses(id, City, Street, Building, Apartment, PostCode) values (133, 'Ngelak', 'Charing Cross', '5677', null, 46);
insert into Addresses(id, City, Street, Building, Apartment, PostCode) values (134, 'Chuntai', 'Ruskin', '5950', '819', 16);
insert into Addresses(id, City, Street, Building, Apartment, PostCode) values (135, 'Krajan Menggare', 'Merry', '21', null, 105);
insert into Addresses(id, City, Street, Building, Apartment, PostCode) values (136, 'Jingzhu', 'Superior', '8', '98408', 204);
insert into Addresses(id, City, Street, Building, Apartment, PostCode) values (137, 'Mendez-Nuñez', 'Karstens', '362', '64', 178);
insert into Addresses(id, City, Street, Building, Apartment, PostCode) values (138, 'Boguchar', 'Bunker Hill', '097', null, 129);
insert into Addresses(id, City, Street, Building, Apartment, PostCode) values (139, 'Xukou', 'Evergreen', '3', null, 262);
insert into Addresses(id, City, Street, Building, Apartment, PostCode) values (140, 'Kitaibaraki', 'Aberg', '5291', '4', 191);
insert into Addresses(id, City, Street, Building, Apartment, PostCode) values (141, 'Guará', 'Everett', '270', null, 160);
insert into Addresses(id, City, Street, Building, Apartment, PostCode) values (142, 'Kalangbret', 'Jenifer', '3', '0', 355);
insert into Addresses(id, City, Street, Building, Apartment, PostCode) values (143, 'Half Way Tree', 'John Wall', '06085', null, 376);
insert into Addresses(id, City, Street, Building, Apartment, PostCode) values (144, 'Reguengos de Monsaraz', 'Victoria', '6', '3', 199);
insert into Addresses(id, City, Street, Building, Apartment, PostCode) values (145, 'Fort-de-France', 'Maple', '34', '25339', 46);
insert into Addresses(id, City, Street, Building, Apartment, PostCode) values (146, 'Vailoatai', 'Lukken', '378', '34', 269);
insert into Addresses(id, City, Street, Building, Apartment, PostCode) values (147, 'Damaturu', 'Butterfield', '3', '4030', 17);
insert into Addresses(id, City, Street, Building, Apartment, PostCode) values (148, 'Muzambinho', 'Starling', '37728', null, 57);
insert into Addresses(id, City, Street, Building, Apartment, PostCode) values (149, 'Kozmice', 'Bunting', '5899', null, 191);
insert into Addresses(id, City, Street, Building, Apartment, PostCode) values (150, 'Fatualam', 'Esker', '14', null, 301);

#Klienci - 100
insert into Customers (id, FirstName, LastName, Email, BirthDate, PhoneNumber, BasketValue, AddressId, Password, Login) values (1, 'Leland', 'Mannock', 'lmannock0@artisteer.com', '1981-06-02', '1435842378', '2187.29', 1, 'zXKHBwoQ5g', 'lmannock0');
insert into Customers (id, FirstName, LastName, Email, BirthDate, PhoneNumber, BasketValue, AddressId, Password, Login) values (2, 'Angelique', 'Higgan', 'ahiggan1@dion.ne.jp', '1991-03-13', '9058402927', '5820.04', 2, 'y0scV13OkYP', 'ahiggan1');
insert into Customers (id, FirstName, LastName, Email, BirthDate, PhoneNumber, BasketValue, AddressId, Password, Login) values (3, 'Manny', 'Charnock', 'mcharnock2@house.gov', '1987-11-16', '4366976742', '3887.36', 3, 'vstAZNNSwqZ', 'mcharnock2');
insert into Customers (id, FirstName, LastName, Email, BirthDate, PhoneNumber, BasketValue, AddressId, Password, Login) values (4, 'Laney', 'O''Hederscoll', 'lohederscoll3@storify.com', '1981-09-14', '3552720848', '8628.35', 4, 'LNgZOlB', 'lohederscoll3');
insert into Customers (id, FirstName, LastName, Email, BirthDate, PhoneNumber, BasketValue, AddressId, Password, Login) values (5, 'Felic', 'Ledford', 'fledford4@photobucket.com', '1998-10-02', '6229874965', '9590.93', 5, 'G1ehE5O3', 'fledford4');
insert into Customers (id, FirstName, LastName, Email, BirthDate, PhoneNumber, BasketValue, AddressId, Password, Login) values (6, 'Pamelina', 'Slatford', 'pslatford5@behance.net', '1992-08-25', '3444260979', '1514.12', 6, 'rohHVXCpKn', 'pslatford5');
insert into Customers (id, FirstName, LastName, Email, BirthDate, PhoneNumber, BasketValue, AddressId, Password, Login) values (7, 'Wendie', 'Durrell', 'wdurrell6@army.mil', '1985-01-11', '5709432964', '3367.34', 7, 'YT6LUOtYk', 'wdurrell6');
insert into Customers (id, FirstName, LastName, Email, BirthDate, PhoneNumber, BasketValue, AddressId, Password, Login) values (8, 'Em', 'Westpfel', 'ewestpfel7@google.pl', '1980-06-18', '6997137239', '2528.28', 8, 'EIcHnZif9x', 'ewestpfel7');
insert into Customers (id, FirstName, LastName, Email, BirthDate, PhoneNumber, BasketValue, AddressId, Password, Login) values (9, 'Hew', 'McIlhagga', 'hmcilhagga8@example.com', '1985-03-04', '8744364653', '2821.75', 9, 'wOEfqm7w', 'hmcilhagga8');
insert into Customers (id, FirstName, LastName, Email, BirthDate, PhoneNumber, BasketValue, AddressId, Password, Login) values (10, 'Winslow', 'Virr', 'wvirr9@amazon.com', '1985-10-01', '4412738757', '8382.84', 10, 'iDFGqmGrg1', 'wvirr9');
insert into Customers (id, FirstName, LastName, Email, BirthDate, PhoneNumber, BasketValue, AddressId, Password, Login) values (11, 'Rodolph', 'Parnell', 'rparnella@berkeley.edu', '1999-08-22', '7805481029', '3964.81', 11, 'dBppfbwebeW', 'rparnella');
insert into Customers (id, FirstName, LastName, Email, BirthDate, PhoneNumber, BasketValue, AddressId, Password, Login) values (12, 'Maggee', 'Stonelake', 'mstonelakeb@arstechnica.com', '1993-12-06', '7141571401', '4657.23', 12, '2Z5Ib5j5ii', 'mstonelakeb');
insert into Customers (id, FirstName, LastName, Email, BirthDate, PhoneNumber, BasketValue, AddressId, Password, Login) values (13, 'Joscelin', 'Hazelby', 'jhazelbyc@1688.com', '1994-10-22', '1335052812', '8879.14', 13, 'aw28na', 'jhazelbyc');
insert into Customers (id, FirstName, LastName, Email, BirthDate, PhoneNumber, BasketValue, AddressId, Password, Login) values (14, 'Ad', 'Yukhtin', 'ayukhtind@google.it', '1994-02-06', '2744537023', '7573.06', 14, 'vlokY0', 'ayukhtind');
insert into Customers (id, FirstName, LastName, Email, BirthDate, PhoneNumber, BasketValue, AddressId, Password, Login) values (15, 'Louisette', 'Ingerfield', 'lingerfielde@flavors.me', '1988-04-12', '8718017209', '4570.83', 15, 'LqMJLE', 'lingerfielde');
insert into Customers (id, FirstName, LastName, Email, BirthDate, PhoneNumber, BasketValue, AddressId, Password, Login) values (16, 'Deana', 'Spencook', 'dspencookf@typepad.com', '1996-09-30', '6197714229', '5729.10', 16, 'C66qYLiGZeMr', 'dspencookf');
insert into Customers (id, FirstName, LastName, Email, BirthDate, PhoneNumber, BasketValue, AddressId, Password, Login) values (17, 'Ricky', 'Brammall', 'rbrammallg@1und1.de', '1995-05-15', '6632283527', '3782.04', 17, 'zkN4zbtYSzQW', 'rbrammallg');
insert into Customers (id, FirstName, LastName, Email, BirthDate, PhoneNumber, BasketValue, AddressId, Password, Login) values (18, 'Ronni', 'Wrout', 'rwrouth@time.com', '1988-06-08', '3123545714', '843.31', 18, 'CBb4QzdjMT', 'rwrouth');
insert into Customers (id, FirstName, LastName, Email, BirthDate, PhoneNumber, BasketValue, AddressId, Password, Login) values (19, 'Arlene', 'Egentan', 'aegentani@java.com', '1979-02-23', '8314157567', '8813.39', 19, 'mvjmxf', 'aegentani');
insert into Customers (id, FirstName, LastName, Email, BirthDate, PhoneNumber, BasketValue, AddressId, Password, Login) values (20, 'Kamilah', 'Flieger', 'kfliegerj@issuu.com', '1985-03-14', '9169553312', '6895.36', 20, 'ZxnJHwrHQ9', 'kfliegerj');
insert into Customers (id, FirstName, LastName, Email, BirthDate, PhoneNumber, BasketValue, AddressId, Password, Login) values (21, 'Simonette', 'Lunbech', 'slunbechk@studiopress.com', '1991-02-26', '7668383615', '1870.10', 21, 'akoaVn0vb', 'slunbechk');
insert into Customers (id, FirstName, LastName, Email, BirthDate, PhoneNumber, BasketValue, AddressId, Password, Login) values (22, 'Gae', 'Rooper', 'grooperl@google.de', '1979-09-06', '5961732197', '5808.79', 22, '4v7IsRk', 'grooperl');
insert into Customers (id, FirstName, LastName, Email, BirthDate, PhoneNumber, BasketValue, AddressId, Password, Login) values (23, 'Bernadine', 'O''Hearn', 'bohearnm@dell.com', '1996-03-05', '6892457726', '2344.25', 23, 'vignBaa', 'bohearnm');
insert into Customers (id, FirstName, LastName, Email, BirthDate, PhoneNumber, BasketValue, AddressId, Password, Login) values (24, 'Augustin', 'de Werk', 'adewerkn@sciencedirect.com', '1991-02-22', '7381987528', '4774.10', 24, 'tmpayWOtphjm', 'adewerkn');
insert into Customers (id, FirstName, LastName, Email, BirthDate, PhoneNumber, BasketValue, AddressId, Password, Login) values (25, 'Alina', 'Morecomb', 'amorecombo@google.pl', '1983-08-22', '7282484099', '9374.14', 25, 'GGUg2NQcEZ', 'amorecombo');
insert into Customers (id, FirstName, LastName, Email, BirthDate, PhoneNumber, BasketValue, AddressId, Password, Login) values (26, 'Ola', 'Ramey', 'orameyp@comcast.net', '1997-12-13', '2072101438', '8719.17', 26, 'Gx7FNNxkJut', 'orameyp');
insert into Customers (id, FirstName, LastName, Email, BirthDate, PhoneNumber, BasketValue, AddressId, Password, Login) values (27, 'Osgood', 'Sporle', 'osporleq@so-net.ne.jp', '1980-12-16', '1518916846', '65.44', 27, '3E6LrEdXU', 'osporleq');
insert into Customers (id, FirstName, LastName, Email, BirthDate, PhoneNumber, BasketValue, AddressId, Password, Login) values (28, 'Carmina', 'Lazer', 'clazerr@opensource.org', '1990-12-25', '8022665751', '8660.82', 28, '2EoJXQ7l', 'clazerr');
insert into Customers (id, FirstName, LastName, Email, BirthDate, PhoneNumber, BasketValue, AddressId, Password, Login) values (29, 'Cathy', 'Fussen', 'cfussens@harvard.edu', '1981-03-25', '1316562686', '5463.89', 29, 'xyO8n9', 'cfussens');
insert into Customers (id, FirstName, LastName, Email, BirthDate, PhoneNumber, BasketValue, AddressId, Password, Login) values (30, 'Ingamar', 'Bouts', 'iboutst@marketwatch.com', '1984-10-21', '8616408541', '9284.80', 30, 'kkAjsgbNA0DH', 'iboutst');
insert into Customers (id, FirstName, LastName, Email, BirthDate, PhoneNumber, BasketValue, AddressId, Password, Login) values (31, 'Gardener', 'Hemphill', 'ghemphillu@apache.org', '1981-09-04', '8842938423', '3757.81', 31, 'DoRDlKof', 'ghemphillu');
insert into Customers (id, FirstName, LastName, Email, BirthDate, PhoneNumber, BasketValue, AddressId, Password, Login) values (32, 'Tonie', 'Emney', 'temneyv@clickbank.net', '1997-08-06', '8148088389', '7846.89', 32, 'FXKh29EY9', 'temneyv');
insert into Customers (id, FirstName, LastName, Email, BirthDate, PhoneNumber, BasketValue, AddressId, Password, Login) values (33, 'Stanfield', 'Pluck', 'spluckw@washingtonpost.com', '1988-01-23', '2199478697', '926.23', 33, 'oBomxhrf', 'spluckw');
insert into Customers (id, FirstName, LastName, Email, BirthDate, PhoneNumber, BasketValue, AddressId, Password, Login) values (34, 'Otis', 'Pappi', 'opappix@nasa.gov', '1995-06-04', '8562846005', '226.24', 34, 'kw66pLV8n7n', 'opappix');
insert into Customers (id, FirstName, LastName, Email, BirthDate, PhoneNumber, BasketValue, AddressId, Password, Login) values (35, 'Rancell', 'Tottle', 'rtottley@slashdot.org', '1996-05-26', '6113307521', '5588.40', 35, 'ujsLSqhfCo3', 'rtottley');
insert into Customers (id, FirstName, LastName, Email, BirthDate, PhoneNumber, BasketValue, AddressId, Password, Login) values (36, 'Diena', 'Gothard', 'dgothardz@nationalgeographic.com', '1979-08-13', '8959766418', '8605.08', 36, 'dUpZXR', 'dgothardz');
insert into Customers (id, FirstName, LastName, Email, BirthDate, PhoneNumber, BasketValue, AddressId, Password, Login) values (37, 'Carolin', 'Sandwick', 'csandwick10@mapquest.com', '1987-06-26', '1293809925', '4394.48', 37, 'Mfeb9cm', 'csandwick10');
insert into Customers (id, FirstName, LastName, Email, BirthDate, PhoneNumber, BasketValue, AddressId, Password, Login) values (38, 'Francklyn', 'Benjafield', 'fbenjafield11@latimes.com', '1986-10-26', '9152433479', '8398.33', 38, 'd2TfTSGwEAw', 'fbenjafield11');
insert into Customers (id, FirstName, LastName, Email, BirthDate, PhoneNumber, BasketValue, AddressId, Password, Login) values (39, 'Felice', 'Klaes', 'fklaes12@dailymotion.com', '1986-07-17', '2493479161', '7426.38', 39, 'rsZ5fG', 'fklaes12');
insert into Customers (id, FirstName, LastName, Email, BirthDate, PhoneNumber, BasketValue, AddressId, Password, Login) values (40, 'Kellby', 'Scougall', 'kscougall13@intel.com', '1987-04-01', '3436614186', '9097.68', 40, 'xH2dCb', 'kscougall13');
insert into Customers (id, FirstName, LastName, Email, BirthDate, PhoneNumber, BasketValue, AddressId, Password, Login) values (41, 'Val', 'Dimmock', 'vdimmock14@dagondesign.com', '1998-08-16', '2984092016', '3136.63', 41, 'DeskzxeoqA', 'vdimmock14');
insert into Customers (id, FirstName, LastName, Email, BirthDate, PhoneNumber, BasketValue, AddressId, Password, Login) values (42, 'Izabel', 'Breston', 'ibreston15@disqus.com', '1984-04-01', '2849067448', '149.38', 42, 'aia0k3', 'ibreston15');
insert into Customers (id, FirstName, LastName, Email, BirthDate, PhoneNumber, BasketValue, AddressId, Password, Login) values (43, 'Aileen', 'Landrean', 'alandrean16@craigslist.org', '1984-04-24', '2883946174', '9726.17', 43, 'XIc7ZgGLy', 'alandrean16');
insert into Customers (id, FirstName, LastName, Email, BirthDate, PhoneNumber, BasketValue, AddressId, Password, Login) values (44, 'Sidney', 'Skentelbury', 'sskentelbury17@netlog.com', '1989-01-29', '2417888197', '8195.57', 44, 'kEXBeZkW', 'sskentelbury17');
insert into Customers (id, FirstName, LastName, Email, BirthDate, PhoneNumber, BasketValue, AddressId, Password, Login) values (45, 'Georgianna', 'Grayham', 'ggrayham18@aol.com', '1990-10-31', '2064337439', '7796.05', 45, 'cphT0ej', 'ggrayham18');
insert into Customers (id, FirstName, LastName, Email, BirthDate, PhoneNumber, BasketValue, AddressId, Password, Login) values (46, 'Cristi', 'Marsham', 'cmarsham19@vistaprint.com', '1987-09-29', '1611154181', '3071.62', 46, 'lwSjWVJJ', 'cmarsham19');
insert into Customers (id, FirstName, LastName, Email, BirthDate, PhoneNumber, BasketValue, AddressId, Password, Login) values (47, 'Ramsay', 'Moon', 'rmoon1a@google.com.hk', '1996-09-14', '1615533515', '4984.54', 47, 'r2WWBSKgiDB', 'rmoon1a');
insert into Customers (id, FirstName, LastName, Email, BirthDate, PhoneNumber, BasketValue, AddressId, Password, Login) values (48, 'Jo-ann', 'Lovie', 'jlovie1b@twitpic.com', '1996-08-11', '7417827338', '8335.25', 48, 'l3cpoU', 'jlovie1b');
insert into Customers (id, FirstName, LastName, Email, BirthDate, PhoneNumber, BasketValue, AddressId, Password, Login) values (49, 'Gerhardine', 'Pimlott', 'gpimlott1c@cnet.com', '1986-06-06', '9056283218', '2819.97', 49, '1QPf9g', 'gpimlott1c');
insert into Customers (id, FirstName, LastName, Email, BirthDate, PhoneNumber, BasketValue, AddressId, Password, Login) values (50, 'Yuri', 'Sleet', 'ysleet1d@addthis.com', '1980-08-30', '6175271099', '6906.49', 50, 'CEu5KZCcBs', 'ysleet1d');
insert into Customers (id, FirstName, LastName, Email, BirthDate, PhoneNumber, BasketValue, AddressId, Password, Login) values (51, 'Elie', 'Bickerdicke', 'ebickerdicke1e@purevolume.com', '1990-07-10', '5458030804', '8121.51', 51, '2Hkln5', 'ebickerdicke1e');
insert into Customers (id, FirstName, LastName, Email, BirthDate, PhoneNumber, BasketValue, AddressId, Password, Login) values (52, 'Barth', 'Jeanet', 'bjeanet1f@altervista.org', '1999-07-16', '8671415873', '2677.02', 52, '0MiF9673fJd', 'bjeanet1f');
insert into Customers (id, FirstName, LastName, Email, BirthDate, PhoneNumber, BasketValue, AddressId, Password, Login) values (53, 'Amabelle', 'Demongeot', 'ademongeot1g@com.com', '1993-01-15', '5018344192', '831.26', 53, '5TtaYeH', 'ademongeot1g');
insert into Customers (id, FirstName, LastName, Email, BirthDate, PhoneNumber, BasketValue, AddressId, Password, Login) values (54, 'Marlie', 'Palfery', 'mpalfery1h@usnews.com', '1996-10-26', '6793964865', '2690.20', 54, 'FhmgZx', 'mpalfery1h');
insert into Customers (id, FirstName, LastName, Email, BirthDate, PhoneNumber, BasketValue, AddressId, Password, Login) values (55, 'Arel', 'Fredy', 'afredy1i@ted.com', '1995-01-05', '2944441719', '8916.74', 55, 'vdWzOj5isd', 'afredy1i');
insert into Customers (id, FirstName, LastName, Email, BirthDate, PhoneNumber, BasketValue, AddressId, Password, Login) values (56, 'Berthe', 'Bande', 'bbande1j@auda.org.au', '1986-01-08', '4992311757', '7489.66', 56, 'Ai0xNxDT6vnr', 'bbande1j');
insert into Customers (id, FirstName, LastName, Email, BirthDate, PhoneNumber, BasketValue, AddressId, Password, Login) values (57, 'Michele', 'Anstie', 'manstie1k@angelfire.com', '1994-07-14', '7441979837', '9252.75', 57, 'O1mwcxrFwkJ', 'manstie1k');
insert into Customers (id, FirstName, LastName, Email, BirthDate, PhoneNumber, BasketValue, AddressId, Password, Login) values (58, 'Gunilla', 'Sweeney', 'gsweeney1l@skype.com', '1984-05-03', '1234497005', '1076.93', 58, '84tEeWDUj', 'gsweeney1l');
insert into Customers (id, FirstName, LastName, Email, BirthDate, PhoneNumber, BasketValue, AddressId, Password, Login) values (59, 'Susannah', 'Vinter', 'svinter1m@vimeo.com', '1994-11-12', '4301005690', '3745.55', 59, 'hyVNHIckv', 'svinter1m');
insert into Customers (id, FirstName, LastName, Email, BirthDate, PhoneNumber, BasketValue, AddressId, Password, Login) values (60, 'Nydia', 'Fransoni', 'nfransoni1n@jigsy.com', '1998-10-17', '7587024699', '9559.14', 60, 'RF0RDVp5', 'nfransoni1n');
insert into Customers (id, FirstName, LastName, Email, BirthDate, PhoneNumber, BasketValue, AddressId, Password, Login) values (61, 'Jo', 'Rochewell', 'jrochewell1o@tripadvisor.com', '1988-11-14', '3085486986', '2608.26', 61, '9OLNgFRf', 'jrochewell1o');
insert into Customers (id, FirstName, LastName, Email, BirthDate, PhoneNumber, BasketValue, AddressId, Password, Login) values (62, 'Hogan', 'Deeves', 'hdeeves1p@fastcompany.com', '1999-03-29', '9086544739', '5056.23', 62, 'nWPUXvwM6ai', 'hdeeves1p');
insert into Customers (id, FirstName, LastName, Email, BirthDate, PhoneNumber, BasketValue, AddressId, Password, Login) values (63, 'Rochelle', 'Bundy', 'rbundy1q@zdnet.com', '1997-05-02', '3384103874', '72.46', 63, 'qEUW6chkXXK0', 'rbundy1q');
insert into Customers (id, FirstName, LastName, Email, BirthDate, PhoneNumber, BasketValue, AddressId, Password, Login) values (64, 'Francois', 'Wyles', 'fwyles1r@nps.gov', '1992-06-22', '9469002975', '845.81', 64, 'Thg3pbMrEZ0y', 'fwyles1r');
insert into Customers (id, FirstName, LastName, Email, BirthDate, PhoneNumber, BasketValue, AddressId, Password, Login) values (65, 'Roseline', 'Chaucer', 'rchaucer1s@macromedia.com', '1986-11-15', '4239804808', '9885.87', 65, 'wJnZ76z3', 'rchaucer1s');
insert into Customers (id, FirstName, LastName, Email, BirthDate, PhoneNumber, BasketValue, AddressId, Password, Login) values (66, 'Coleen', 'Arnholdt', 'carnholdt1t@yellowpages.com', '1980-12-17', '8586882999', '4962.60', 66, 'y8mLnkQL4', 'carnholdt1t');
insert into Customers (id, FirstName, LastName, Email, BirthDate, PhoneNumber, BasketValue, AddressId, Password, Login) values (67, 'Sallyann', 'Fairhead', 'sfairhead1u@cargocollective.com', '1997-06-12', '1027546109', '157.83', 67, 'ImQp9DD', 'sfairhead1u');
insert into Customers (id, FirstName, LastName, Email, BirthDate, PhoneNumber, BasketValue, AddressId, Password, Login) values (68, 'Morse', 'Vanichev', 'mvanichev1v@wisc.edu', '1987-05-14', '5468951771', '3160.58', 68, 'YdsvQyTQ4byp', 'mvanichev1v');
insert into Customers (id, FirstName, LastName, Email, BirthDate, PhoneNumber, BasketValue, AddressId, Password, Login) values (69, 'Bethanne', 'Kimmitt', 'bkimmitt1w@utexas.edu', '1987-07-23', '1923086573', '7524.10', 69, 'pUxtbdPCryo', 'bkimmitt1w');
insert into Customers (id, FirstName, LastName, Email, BirthDate, PhoneNumber, BasketValue, AddressId, Password, Login) values (70, 'Stepha', 'Syrett', 'ssyrett1x@baidu.com', '1994-09-28', '7144340609', '1381.97', 70, 'AhJQ6FdkOzQ', 'ssyrett1x');
insert into Customers (id, FirstName, LastName, Email, BirthDate, PhoneNumber, BasketValue, AddressId, Password, Login) values (71, 'Dianemarie', 'McReedy', 'dmcreedy1y@google.co.uk', '1994-05-26', '2314083252', '126.01', 71, 'KAdwcS0uY', 'dmcreedy1y');
insert into Customers (id, FirstName, LastName, Email, BirthDate, PhoneNumber, BasketValue, AddressId, Password, Login) values (72, 'Jed', 'Burgne', 'jburgne1z@usda.gov', '1990-12-01', '3492433666', '8503.15', 72, '9aY9abTCMKgF', 'jburgne1z');
insert into Customers (id, FirstName, LastName, Email, BirthDate, PhoneNumber, BasketValue, AddressId, Password, Login) values (73, 'Sheelagh', 'Scedall', 'sscedall20@arstechnica.com', '1991-05-11', '8878878246', '6349.79', 73, 'KM5KDfLkiX5E', 'sscedall20');
insert into Customers (id, FirstName, LastName, Email, BirthDate, PhoneNumber, BasketValue, AddressId, Password, Login) values (74, 'Ynez', 'Alyukin', 'yalyukin21@topsy.com', '1992-11-02', '3091702153', '7412.75', 74, 'qC4eEcM29', 'yalyukin21');
insert into Customers (id, FirstName, LastName, Email, BirthDate, PhoneNumber, BasketValue, AddressId, Password, Login) values (75, 'Zorina', 'Benian', 'zbenian22@hc360.com', '1994-05-28', '7207577507', '7741.19', 75, '7FdRvI', 'zbenian22');
insert into Customers (id, FirstName, LastName, Email, BirthDate, PhoneNumber, BasketValue, AddressId, Password, Login) values (76, 'Binni', 'Dehm', 'bdehm23@123-reg.co.uk', '1985-11-21', '8941764164', '1528.87', 76, '9on8BOV6', 'bdehm23');
insert into Customers (id, FirstName, LastName, Email, BirthDate, PhoneNumber, BasketValue, AddressId, Password, Login) values (77, 'Hedwiga', 'Sheardown', 'hsheardown24@fema.gov', '1984-10-24', '5263336684', '7615.17', 77, 'b4xOhFNl', 'hsheardown24');
insert into Customers (id, FirstName, LastName, Email, BirthDate, PhoneNumber, BasketValue, AddressId, Password, Login) values (78, 'Emelda', 'Breukelman', 'ebreukelman25@epa.gov', '1987-05-09', '5923193623', '9176.62', 78, 'Ega3iS2s59S', 'ebreukelman25');
insert into Customers (id, FirstName, LastName, Email, BirthDate, PhoneNumber, BasketValue, AddressId, Password, Login) values (79, 'Tom', 'Curneen', 'tcurneen26@hatena.ne.jp', '1989-04-22', '9074175733', '9569.42', 79, 'lmTkVyMLOBp', 'tcurneen26');
insert into Customers (id, FirstName, LastName, Email, BirthDate, PhoneNumber, BasketValue, AddressId, Password, Login) values (80, 'See', 'Martinec', 'smartinec27@bizjournals.com', '1998-01-21', '9071637513', '5282.49', 80, 'uSsY4sneV1x', 'smartinec27');
insert into Customers (id, FirstName, LastName, Email, BirthDate, PhoneNumber, BasketValue, AddressId, Password, Login) values (81, 'Prue', 'Moen', 'pmoen28@delicious.com', '1986-04-17', '8039401849', '564.47', 81, 'EFQSlP0nBS1r', 'pmoen28');
insert into Customers (id, FirstName, LastName, Email, BirthDate, PhoneNumber, BasketValue, AddressId, Password, Login) values (82, 'Frannie', 'Skellorne', 'fskellorne29@uiuc.edu', '1985-07-27', '6593581089', '3855.20', 82, '9EwppSL', 'fskellorne29');
insert into Customers (id, FirstName, LastName, Email, BirthDate, PhoneNumber, BasketValue, AddressId, Password, Login) values (83, 'Linc', 'Beekmann', 'lbeekmann2a@blogger.com', '1999-09-02', '3574885455', '1510.86', 83, 'KXDhV7aOjOc3', 'lbeekmann2a');
insert into Customers (id, FirstName, LastName, Email, BirthDate, PhoneNumber, BasketValue, AddressId, Password, Login) values (84, 'Ardisj', 'Espin', 'aespin2b@wired.com', '1988-08-13', '3191254662', '3564.42', 84, 'oMGp8RWon', 'aespin2b');
insert into Customers (id, FirstName, LastName, Email, BirthDate, PhoneNumber, BasketValue, AddressId, Password, Login) values (85, 'Demetre', 'Guyers', 'dguyers2c@freewebs.com', '1999-07-10', '8386344176', '6504.77', 85, 'cRlkxmfkhE', 'dguyers2c');
insert into Customers (id, FirstName, LastName, Email, BirthDate, PhoneNumber, BasketValue, AddressId, Password, Login) values (86, 'Carmelita', 'Rampley', 'crampley2d@yellowbook.com', '1991-09-10', '6716131616', '6142.56', 86, 'Lk34ybB3Hc', 'crampley2d');
insert into Customers (id, FirstName, LastName, Email, BirthDate, PhoneNumber, BasketValue, AddressId, Password, Login) values (87, 'Torin', 'Lofts', 'tlofts2e@reference.com', '1997-04-23', '6767649248', '1268.19', 87, 'raWfpAvs', 'tlofts2e');
insert into Customers (id, FirstName, LastName, Email, BirthDate, PhoneNumber, BasketValue, AddressId, Password, Login) values (88, 'Buck', 'Mountcastle', 'bmountcastle2f@wufoo.com', '1981-02-02', '3359098079', '4067.09', 88, 'a0rPrcya', 'bmountcastle2f');
insert into Customers (id, FirstName, LastName, Email, BirthDate, PhoneNumber, BasketValue, AddressId, Password, Login) values (89, 'Essy', 'Prando', 'eprando2g@utexas.edu', '1993-05-06', '5393429290', '8429.32', 89, 's3ysrPaIR25d', 'eprando2g');
insert into Customers (id, FirstName, LastName, Email, BirthDate, PhoneNumber, BasketValue, AddressId, Password, Login) values (90, 'Adena', 'Pettifor', 'apettifor2h@apache.org', '1986-12-21', '7689735166', '8992.84', 90, 'nXMjm9i3rYTZ', 'apettifor2h');
insert into Customers (id, FirstName, LastName, Email, BirthDate, PhoneNumber, BasketValue, AddressId, Password, Login) values (91, 'Eugine', 'Stallon', 'estallon2i@homestead.com', '1995-04-01', '8723838059', '7989.11', 91, '2pZvzKfBsfTA', 'estallon2i');
insert into Customers (id, FirstName, LastName, Email, BirthDate, PhoneNumber, BasketValue, AddressId, Password, Login) values (92, 'Denver', 'O''Geaney', 'dogeaney2j@cmu.edu', '1986-01-15', '9765218749', '373.22', 92, 'ReOIzUL7', 'dogeaney2j');
insert into Customers (id, FirstName, LastName, Email, BirthDate, PhoneNumber, BasketValue, AddressId, Password, Login) values (93, 'Juliette', 'Ginnelly', 'jginnelly2k@tinypic.com', '1998-08-08', '4034708165', '551.39', 93, 'uvv5CwK5', 'jginnelly2k');
insert into Customers (id, FirstName, LastName, Email, BirthDate, PhoneNumber, BasketValue, AddressId, Password, Login) values (94, 'Consuela', 'Golston', 'cgolston2l@pinterest.com', '1990-06-18', '4739420243', '2419.01', 94, '5sFaJF7B8d2H', 'cgolston2l');
insert into Customers (id, FirstName, LastName, Email, BirthDate, PhoneNumber, BasketValue, AddressId, Password, Login) values (95, 'Lari', 'Hardson', 'lhardson2m@uiuc.edu', '1999-03-28', '6249480603', '6428.05', 95, 'xnlPnjqES', 'lhardson2m');
insert into Customers (id, FirstName, LastName, Email, BirthDate, PhoneNumber, BasketValue, AddressId, Password, Login) values (96, 'Olga', 'Paget', 'opaget2n@dion.ne.jp', '1981-04-25', '3859520364', '1512.60', 96, 'Uc8Fj9', 'opaget2n');
insert into Customers (id, FirstName, LastName, Email, BirthDate, PhoneNumber, BasketValue, AddressId, Password, Login) values (97, 'Brodie', 'Whitehorne', 'bwhitehorne2o@squidoo.com', '1988-09-10', '7675990188', '4256.23', 97, '8TZgDU', 'bwhitehorne2o');
insert into Customers (id, FirstName, LastName, Email, BirthDate, PhoneNumber, BasketValue, AddressId, Password, Login) values (98, 'Leonerd', 'Alekhov', 'lalekhov2p@ca.gov', '1992-02-20', '8174323306', '7794.31', 98, 't4RHs3gk', 'lalekhov2p');
insert into Customers (id, FirstName, LastName, Email, BirthDate, PhoneNumber, BasketValue, AddressId, Password, Login) values (99, 'Donall', 'Roizn', 'droizn2q@businessweek.com', '1984-06-25', '5532658777', '3422.90', 99, '5hI03W', 'droizn2q');
insert into Customers (id, FirstName, LastName, Email, BirthDate, PhoneNumber, BasketValue, AddressId, Password, Login) values (100, 'Oberon', 'Kitto', 'okitto2r@ifeng.com', '1982-12-09', '5701630021', '7782.58', 100, 'csHcQs', 'okitto2r');

#Pracownicy - 10
insert into Employees (id, FirstName, LastName, PhoneNumber, Salary, Email, HireDate, AddressId, Password, Login) values (1, 'Kerrie', 'Weth', '7607526956', 2670, 'kweth0@thetimes.co.uk', '2017-03-22', 101, 'ld7BNSH', 'kweth0');
insert into Employees (id, FirstName, LastName, PhoneNumber, Salary, Email, HireDate, AddressId, Password, Login) values (2, 'Elisabet', 'Bodemeaid', '3421821570', 2907, 'ebodemeaid1@thetimes.co.uk', '2019-01-09', 102, 'QBg3lS5', 'ebodemeaid1');
insert into Employees (id, FirstName, LastName, PhoneNumber, Salary, Email, HireDate, AddressId, Password, Login) values (3, 'Agatha', 'Glaserman', '2973423580', 3524, 'aglaserman2@nasa.gov', '2017-02-08', 103, 'dxDbxMhkV', 'aglaserman2');
insert into Employees (id, FirstName, LastName, PhoneNumber, Salary, Email, HireDate, AddressId, Password, Login) values (4, 'Lori', 'Safhill', '2932093895', 1648, 'lsafhill3@google.com.au', '2019-03-28', 104, 'FFsBjHwaek', 'lsafhill3');
insert into Employees (id, FirstName, LastName, PhoneNumber, Salary, Email, HireDate, AddressId, Password, Login) values (5, 'Ulrica', 'Stidston', '1411657093', 1770, 'ustidston4@cnet.com', '2018-01-29', 105, 'QgesEPX5NHS', 'ustidston4');
insert into Employees (id, FirstName, LastName, PhoneNumber, Salary, Email, HireDate, AddressId, Password, Login) values (6, 'Ethelind', 'Ambrogelli', '7719184650', 2769, 'eambrogelli5@tmall.com', '2017-01-07', 106, 'bb22Vagep', 'eambrogelli5');
insert into Employees (id, FirstName, LastName, PhoneNumber, Salary, Email, HireDate, AddressId, Password, Login) values (7, 'Nikolaos', 'Chavey', '9395811864', 3179, 'nchavey6@moonfruit.com', '2017-02-22', 107, 'DMa1qhG6RA9', 'nchavey6');
insert into Employees (id, FirstName, LastName, PhoneNumber, Salary, Email, HireDate, AddressId, Password, Login) values (8, 'Hanan', 'Velez', '5504741499', 2494, 'hvelez7@wikipedia.org', '2018-05-03', 108, '2KVAZPwTW', 'hvelez7');
insert into Employees (id, FirstName, LastName, PhoneNumber, Salary, Email, HireDate, AddressId, Password, Login) values (9, 'Kynthia', 'Vinick', '8609548097', 2191, 'kvinick8@theguardian.com', '2019-02-05', 109, 'zUVeJb8xGh', 'kvinick8');
insert into Employees (id, FirstName, LastName, PhoneNumber, Salary, Email, HireDate, AddressId, Password, Login) values (10, 'Tybie', 'Moseley', '9792232008', 3584, 'tmoseley9@wikispaces.com', '2019-03-11', 110, 'iIkISYDfjg2S', 'tmoseley9');




#--kategorie
INSERT INTO Categories (Name, FieldName1, FieldName2, FieldName3, FieldName4, FieldName5, FieldName6, FieldName7, FieldName8) VALUES
('Laptopy', 'RAM[GB]', 'Przekątna ekranu[cale]', 'Waga[Kg]', 'Pamięć GPU[MB]', 'Rozdzielczość', 'Procesor', 'Karta graficzna', 'System operacyjny'),
('Gry', 'Rok wydania', 'PEGI', NULL, NULL, 'Platforma', 'Gatunek', 'Wersja językowa', 'Wydawca'),
('Powerbanki', 'Pojemność[mAH]', 'Napięcie nominalne[V]',NULL,NULL,'Typ złącza',NULL,NULL,NULL),
('Pendrivy', 'Pojemność[GB]',NULL,NULL,NULL, 'Interfejs', 'Dodatkowe informacje','PRĘDKOŚĆ ODCZYTU','PRĘDKOŚĆ ZAPISU'),
('Monitory', 'Przekątna ekranu[cale]', 'Wysokość[mm]', 'Szerokość[mm]', 'Waga[kg]', 'Rozdzielczość', 'Matryca', NULL, NULL),
('Konsole do gier', 'Pojemność dysku[GB]', 'Ilość gier w zestawie', 'Waga[kg]', NULL, 'Akcesoria w zestawie', 'Gry w zestawie', NULL, NULL),
('Myszki komputerowe', 'Długość przewodu[cm]', 'Szerkość[mm]','Długość[mm]', 'Ilość przycisków', 'Łączność', 'DPI', NULL, NULL),
('Słuchawki','Impedancja[Om]', 'Pasmo przenoszenia[Hz]', 'Długość przewodu[cm]', 'Waga[g]', 'Łączność','Konstrukcja','Złącza', NULL),
('Klawiatury', 'Szerkość[mm]','Długość[mm]','Wysokość[mm]', NULL, 'Obsługiwane systemy', 'Zasilanie', 'Podświetlanie', NULL);

#--produkty
INSERT INTO Products (Price, Name, CategoryId, FieldValue1, FieldValue2, FieldValue3, FieldValue4, FieldValue5, FieldValue6, FieldValue7, FieldValue8, AmountInStore, ProducerName) VALUES
(199, 'Death Stranding', 2, 2019, 16, NULL, NULL, 'PlayStation4', 'akcji, przygodowe', 'polska i angielska', 'Sony Interactive Entertainment', 250, 'Kojima Productions'),
(199, 'STAR WARS JEDI: Upadły Zakon', 2, 2019, 16, NULL, NULL, 'PC', 'akcji, przygodowe', 'polska i angielska', 'Electronic Arts', 125, 'Respawn Entertainment'),
(179, 'Gran Turismo Sport', 2 ,2018,3, NULL, NULL, 'PlayStation4', 'wyścigi', 'polska i angielska', 'Sony Computer Entertainment', 50, 'Polyphony Digital'),
(4299, 'TUF Gaming FX505DU', 1, 16, 15.6, 2.4, 6144, '1920x1080', 'AMD Ryzen 7 3750H', 'NVIDIA GeForce GTX 1660Ti', 'Brak', 5, 'ASUS'),
(3799, 'Inspiron G3', 1, 8, 15.6, 1.8, 4096, '1336x764', 'Intel Core i5-9300H', 'NVIDIA GeForce GTX 1650', 'Microsoft Windows 10 Home PL', 3, 'DELL'),
(5499, 'MacBook Air', 1, 8, 13.3, 1.25, NULL, '2650x1600', 'Intel Core i5-8210Y', 'Intel UHD Graphics 617', 'macOS Mojave', 2, 'Apple'),
(619, 'P2319H', 5, 23, 481, 520, 3, '1920x1080', 'LED,IPS,Matowa', NULL, NULL, 10, 'DELL'),
(619, 'VP239H', 5, 23, 387, 533, 4, '1920x1080', 'LED,IPS,Błyszcząca', NULL, NULL, 25, 'Asus'),
(1099, 'PlayStation4',6, 1000,3, 2, NULL, 'Pad, przewód zasilający', 'Gran Turismo Sport, Uncharted 4, Red Dead Redemption 2', NULL, NULL,30,'Sony'),
(1099, 'Xbox One X',6, 1000,1, 4, NULL, 'Pad, przewód zasilający, przewód HDMI', 'STAR WARS JEDI: Upadły Zakon', NULL, NULL,22,'Microsoft'),
(449, 'MX Master 3', 7, 0, 84,125, 7, 'Bezprzewodowa', '4000 dpi', NULL, NULL, 50, 'Logitech'),
(379, 'Naga Trinity', 7, 85, 74,119, 19, 'Przwód USB', '16000 dpi', NULL, NULL, 45, 'Razer'),
(316, 'HD 4.40 BT', 8, 18, 22000, 140, 225, 'Bezprzewodowa,Przewodowa','Nauszne zamknięte','USB,Jack', NULL, 65,'Sennheiser'),
(779, 'Tiamat 7.1 V2', 8, 18, 20000, 300, 412, 'Przewodowa','Nauszne zamknięte','USB,Jack', NULL, 40,'Razer'),
(549, 'Magic Keyboard', 9, 118,422,10, NULL, 'macOS X', 'Akumulatorowe', 'Brak', NULL, 20,'Apple'),
(599, 'K68', 9, 170,456,39, NULL, 'Windows', 'Przewodowe', 'RGB', NULL, 10, 'Corsair');



#Koszyki - 200
insert into Baskets (ProductId, CustomerId, AmountInBasket) values (9, 28, 1);
insert into Baskets (ProductId, CustomerId, AmountInBasket) values (50, 57, 9);
insert into Baskets (ProductId, CustomerId, AmountInBasket) values (83, 95, 1);
insert into Baskets (ProductId, CustomerId, AmountInBasket) values (26, 100, 10);
insert into Baskets (ProductId, CustomerId, AmountInBasket) values (24, 30, 8);
insert into Baskets (ProductId, CustomerId, AmountInBasket) values (82, 49, 7);
insert into Baskets (ProductId, CustomerId, AmountInBasket) values (38, 31, 8);
insert into Baskets (ProductId, CustomerId, AmountInBasket) values (28, 40, 3);
insert into Baskets (ProductId, CustomerId, AmountInBasket) values (5, 30, 4);
insert into Baskets (ProductId, CustomerId, AmountInBasket) values (86, 27, 8);
insert into Baskets (ProductId, CustomerId, AmountInBasket) values (1, 17, 5);
insert into Baskets (ProductId, CustomerId, AmountInBasket) values (95, 100, 2);
insert into Baskets (ProductId, CustomerId, AmountInBasket) values (7, 74, 5);
insert into Baskets (ProductId, CustomerId, AmountInBasket) values (14, 79, 1);
insert into Baskets (ProductId, CustomerId, AmountInBasket) values (91, 35, 9);
insert into Baskets (ProductId, CustomerId, AmountInBasket) values (4, 84, 1);
insert into Baskets (ProductId, CustomerId, AmountInBasket) values (19, 82, 10);
insert into Baskets (ProductId, CustomerId, AmountInBasket) values (24, 81, 4);
insert into Baskets (ProductId, CustomerId, AmountInBasket) values (67, 77, 5);
insert into Baskets (ProductId, CustomerId, AmountInBasket) values (46, 17, 4);
insert into Baskets (ProductId, CustomerId, AmountInBasket) values (5, 28, 4);
insert into Baskets (ProductId, CustomerId, AmountInBasket) values (91, 7, 2);
insert into Baskets (ProductId, CustomerId, AmountInBasket) values (48, 6, 5);
insert into Baskets (ProductId, CustomerId, AmountInBasket) values (17, 90, 8);
insert into Baskets (ProductId, CustomerId, AmountInBasket) values (73, 10, 10);
insert into Baskets (ProductId, CustomerId, AmountInBasket) values (35, 67, 7);
insert into Baskets (ProductId, CustomerId, AmountInBasket) values (12, 56, 4);
insert into Baskets (ProductId, CustomerId, AmountInBasket) values (5, 5, 3);
insert into Baskets (ProductId, CustomerId, AmountInBasket) values (6, 56, 9);
insert into Baskets (ProductId, CustomerId, AmountInBasket) values (30, 23, 6);
insert into Baskets (ProductId, CustomerId, AmountInBasket) values (78, 28, 2);
insert into Baskets (ProductId, CustomerId, AmountInBasket) values (10, 57, 10);
insert into Baskets (ProductId, CustomerId, AmountInBasket) values (24, 36, 1);
insert into Baskets (ProductId, CustomerId, AmountInBasket) values (16, 44, 10);
insert into Baskets (ProductId, CustomerId, AmountInBasket) values (58, 98, 9);
insert into Baskets (ProductId, CustomerId, AmountInBasket) values (48, 10, 1);
insert into Baskets (ProductId, CustomerId, AmountInBasket) values (60, 87, 6);
insert into Baskets (ProductId, CustomerId, AmountInBasket) values (95, 86, 8);
insert into Baskets (ProductId, CustomerId, AmountInBasket) values (80, 5, 2);
insert into Baskets (ProductId, CustomerId, AmountInBasket) values (47, 27, 10);
insert into Baskets (ProductId, CustomerId, AmountInBasket) values (88, 61, 10);
insert into Baskets (ProductId, CustomerId, AmountInBasket) values (7, 62, 8);
insert into Baskets (ProductId, CustomerId, AmountInBasket) values (88, 81, 4);
insert into Baskets (ProductId, CustomerId, AmountInBasket) values (77, 38, 8);
insert into Baskets (ProductId, CustomerId, AmountInBasket) values (64, 75, 3);
insert into Baskets (ProductId, CustomerId, AmountInBasket) values (49, 10, 9);
insert into Baskets (ProductId, CustomerId, AmountInBasket) values (78, 60, 5);
insert into Baskets (ProductId, CustomerId, AmountInBasket) values (63, 96, 7);
insert into Baskets (ProductId, CustomerId, AmountInBasket) values (62, 68, 1);
insert into Baskets (ProductId, CustomerId, AmountInBasket) values (56, 55, 5);
insert into Baskets (ProductId, CustomerId, AmountInBasket) values (99, 63, 8);
insert into Baskets (ProductId, CustomerId, AmountInBasket) values (68, 34, 6);
insert into Baskets (ProductId, CustomerId, AmountInBasket) values (77, 65, 3);
insert into Baskets (ProductId, CustomerId, AmountInBasket) values (70, 51, 4);
insert into Baskets (ProductId, CustomerId, AmountInBasket) values (29, 22, 8);
insert into Baskets (ProductId, CustomerId, AmountInBasket) values (68, 54, 6);
insert into Baskets (ProductId, CustomerId, AmountInBasket) values (77, 62, 1);
insert into Baskets (ProductId, CustomerId, AmountInBasket) values (77, 82, 7);
insert into Baskets (ProductId, CustomerId, AmountInBasket) values (78, 60, 2);
insert into Baskets (ProductId, CustomerId, AmountInBasket) values (75, 42, 8);
insert into Baskets (ProductId, CustomerId, AmountInBasket) values (55, 7, 2);
insert into Baskets (ProductId, CustomerId, AmountInBasket) values (96, 15, 6);
insert into Baskets (ProductId, CustomerId, AmountInBasket) values (82, 10, 8);
insert into Baskets (ProductId, CustomerId, AmountInBasket) values (68, 6, 9);
insert into Baskets (ProductId, CustomerId, AmountInBasket) values (65, 53, 4);
insert into Baskets (ProductId, CustomerId, AmountInBasket) values (98, 32, 1);
insert into Baskets (ProductId, CustomerId, AmountInBasket) values (77, 80, 2);
insert into Baskets (ProductId, CustomerId, AmountInBasket) values (6, 79, 3);
insert into Baskets (ProductId, CustomerId, AmountInBasket) values (7, 37, 3);
insert into Baskets (ProductId, CustomerId, AmountInBasket) values (96, 98, 10);
insert into Baskets (ProductId, CustomerId, AmountInBasket) values (31, 10, 10);
insert into Baskets (ProductId, CustomerId, AmountInBasket) values (61, 74, 5);
insert into Baskets (ProductId, CustomerId, AmountInBasket) values (33, 11, 6);
insert into Baskets (ProductId, CustomerId, AmountInBasket) values (54, 16, 3);
insert into Baskets (ProductId, CustomerId, AmountInBasket) values (44, 32, 3);
insert into Baskets (ProductId, CustomerId, AmountInBasket) values (55, 92, 7);
insert into Baskets (ProductId, CustomerId, AmountInBasket) values (60, 28, 7);
insert into Baskets (ProductId, CustomerId, AmountInBasket) values (61, 82, 10);
insert into Baskets (ProductId, CustomerId, AmountInBasket) values (3, 24, 1);
insert into Baskets (ProductId, CustomerId, AmountInBasket) values (72, 96, 7);
insert into Baskets (ProductId, CustomerId, AmountInBasket) values (28, 77, 10);
insert into Baskets (ProductId, CustomerId, AmountInBasket) values (85, 93, 4);
insert into Baskets (ProductId, CustomerId, AmountInBasket) values (37, 39, 3);
insert into Baskets (ProductId, CustomerId, AmountInBasket) values (20, 98, 9);
insert into Baskets (ProductId, CustomerId, AmountInBasket) values (39, 97, 1);
insert into Baskets (ProductId, CustomerId, AmountInBasket) values (52, 39, 10);
insert into Baskets (ProductId, CustomerId, AmountInBasket) values (65, 56, 5);
insert into Baskets (ProductId, CustomerId, AmountInBasket) values (40, 77, 5);
insert into Baskets (ProductId, CustomerId, AmountInBasket) values (81, 85, 10);
insert into Baskets (ProductId, CustomerId, AmountInBasket) values (89, 78, 10);
insert into Baskets (ProductId, CustomerId, AmountInBasket) values (70, 80, 4);
insert into Baskets (ProductId, CustomerId, AmountInBasket) values (78, 7, 4);
insert into Baskets (ProductId, CustomerId, AmountInBasket) values (16, 18, 2);
insert into Baskets (ProductId, CustomerId, AmountInBasket) values (94, 98, 7);
insert into Baskets (ProductId, CustomerId, AmountInBasket) values (40, 34, 10);
insert into Baskets (ProductId, CustomerId, AmountInBasket) values (35, 100, 6);
insert into Baskets (ProductId, CustomerId, AmountInBasket) values (100, 85, 2);
insert into Baskets (ProductId, CustomerId, AmountInBasket) values (70, 22, 8);
insert into Baskets (ProductId, CustomerId, AmountInBasket) values (84, 1, 9);
insert into Baskets (ProductId, CustomerId, AmountInBasket) values (84, 63, 10);
insert into Baskets (ProductId, CustomerId, AmountInBasket) values (72, 10, 2);
insert into Baskets (ProductId, CustomerId, AmountInBasket) values (43, 40, 4);
insert into Baskets (ProductId, CustomerId, AmountInBasket) values (90, 32, 3);
insert into Baskets (ProductId, CustomerId, AmountInBasket) values (98, 33, 5);
insert into Baskets (ProductId, CustomerId, AmountInBasket) values (12, 62, 6);
insert into Baskets (ProductId, CustomerId, AmountInBasket) values (88, 46, 7);
insert into Baskets (ProductId, CustomerId, AmountInBasket) values (38, 56, 8);
insert into Baskets (ProductId, CustomerId, AmountInBasket) values (3, 9, 8);
insert into Baskets (ProductId, CustomerId, AmountInBasket) values (64, 60, 6);
insert into Baskets (ProductId, CustomerId, AmountInBasket) values (34, 78, 6);
insert into Baskets (ProductId, CustomerId, AmountInBasket) values (77, 20, 1);
insert into Baskets (ProductId, CustomerId, AmountInBasket) values (62, 68, 3);
insert into Baskets (ProductId, CustomerId, AmountInBasket) values (30, 81, 6);
insert into Baskets (ProductId, CustomerId, AmountInBasket) values (57, 1, 5);
insert into Baskets (ProductId, CustomerId, AmountInBasket) values (33, 80, 8);
insert into Baskets (ProductId, CustomerId, AmountInBasket) values (90, 29, 1);
insert into Baskets (ProductId, CustomerId, AmountInBasket) values (56, 48, 2);
insert into Baskets (ProductId, CustomerId, AmountInBasket) values (28, 61, 3);
insert into Baskets (ProductId, CustomerId, AmountInBasket) values (42, 23, 5);
insert into Baskets (ProductId, CustomerId, AmountInBasket) values (31, 89, 1);
insert into Baskets (ProductId, CustomerId, AmountInBasket) values (82, 56, 10);
insert into Baskets (ProductId, CustomerId, AmountInBasket) values (5, 25, 10);
insert into Baskets (ProductId, CustomerId, AmountInBasket) values (31, 26, 5);
insert into Baskets (ProductId, CustomerId, AmountInBasket) values (52, 72, 7);
insert into Baskets (ProductId, CustomerId, AmountInBasket) values (70, 73, 4);
insert into Baskets (ProductId, CustomerId, AmountInBasket) values (78, 6, 1);
insert into Baskets (ProductId, CustomerId, AmountInBasket) values (74, 85, 6);
insert into Baskets (ProductId, CustomerId, AmountInBasket) values (11, 97, 7);
insert into Baskets (ProductId, CustomerId, AmountInBasket) values (69, 98, 1);
insert into Baskets (ProductId, CustomerId, AmountInBasket) values (3, 3, 9);
insert into Baskets (ProductId, CustomerId, AmountInBasket) values (85, 25, 3);
insert into Baskets (ProductId, CustomerId, AmountInBasket) values (84, 78, 10);
insert into Baskets (ProductId, CustomerId, AmountInBasket) values (39, 99, 10);
insert into Baskets (ProductId, CustomerId, AmountInBasket) values (8, 41, 4);
insert into Baskets (ProductId, CustomerId, AmountInBasket) values (6, 7, 6);
insert into Baskets (ProductId, CustomerId, AmountInBasket) values (30, 38, 6);
insert into Baskets (ProductId, CustomerId, AmountInBasket) values (34, 65, 6);
insert into Baskets (ProductId, CustomerId, AmountInBasket) values (39, 53, 4);
insert into Baskets (ProductId, CustomerId, AmountInBasket) values (7, 45, 10);
insert into Baskets (ProductId, CustomerId, AmountInBasket) values (18, 82, 7);
insert into Baskets (ProductId, CustomerId, AmountInBasket) values (28, 49, 1);
insert into Baskets (ProductId, CustomerId, AmountInBasket) values (26, 57, 2);
insert into Baskets (ProductId, CustomerId, AmountInBasket) values (78, 14, 3);
insert into Baskets (ProductId, CustomerId, AmountInBasket) values (86, 79, 2);
insert into Baskets (ProductId, CustomerId, AmountInBasket) values (63, 2, 5);
insert into Baskets (ProductId, CustomerId, AmountInBasket) values (31, 23, 5);
insert into Baskets (ProductId, CustomerId, AmountInBasket) values (55, 88, 7);
insert into Baskets (ProductId, CustomerId, AmountInBasket) values (78, 3, 2);
insert into Baskets (ProductId, CustomerId, AmountInBasket) values (60, 100, 4);
insert into Baskets (ProductId, CustomerId, AmountInBasket) values (39, 27, 6);
insert into Baskets (ProductId, CustomerId, AmountInBasket) values (31, 51, 7);
insert into Baskets (ProductId, CustomerId, AmountInBasket) values (1, 54, 7);
insert into Baskets (ProductId, CustomerId, AmountInBasket) values (31, 2, 6);
insert into Baskets (ProductId, CustomerId, AmountInBasket) values (34, 17, 6);
insert into Baskets (ProductId, CustomerId, AmountInBasket) values (15, 91, 1);
insert into Baskets (ProductId, CustomerId, AmountInBasket) values (39, 76, 6);
insert into Baskets (ProductId, CustomerId, AmountInBasket) values (58, 72, 1);
insert into Baskets (ProductId, CustomerId, AmountInBasket) values (79, 35, 10);
insert into Baskets (ProductId, CustomerId, AmountInBasket) values (99, 38, 7);
insert into Baskets (ProductId, CustomerId, AmountInBasket) values (2, 45, 4);
insert into Baskets (ProductId, CustomerId, AmountInBasket) values (63, 62, 9);
insert into Baskets (ProductId, CustomerId, AmountInBasket) values (65, 92, 3);
insert into Baskets (ProductId, CustomerId, AmountInBasket) values (82, 40, 3);
insert into Baskets (ProductId, CustomerId, AmountInBasket) values (6, 46, 2);
insert into Baskets (ProductId, CustomerId, AmountInBasket) values (20, 34, 1);
insert into Baskets (ProductId, CustomerId, AmountInBasket) values (35, 64, 1);
insert into Baskets (ProductId, CustomerId, AmountInBasket) values (82, 74, 6);
insert into Baskets (ProductId, CustomerId, AmountInBasket) values (83, 48, 3);
insert into Baskets (ProductId, CustomerId, AmountInBasket) values (57, 42, 6);
insert into Baskets (ProductId, CustomerId, AmountInBasket) values (61, 34, 4);
insert into Baskets (ProductId, CustomerId, AmountInBasket) values (22, 18, 6);
insert into Baskets (ProductId, CustomerId, AmountInBasket) values (22, 98, 9);
insert into Baskets (ProductId, CustomerId, AmountInBasket) values (11, 36, 4);
insert into Baskets (ProductId, CustomerId, AmountInBasket) values (2, 35, 8);
insert into Baskets (ProductId, CustomerId, AmountInBasket) values (44, 30, 8);
insert into Baskets (ProductId, CustomerId, AmountInBasket) values (54, 61, 5);
insert into Baskets (ProductId, CustomerId, AmountInBasket) values (69, 25, 7);
insert into Baskets (ProductId, CustomerId, AmountInBasket) values (37, 83, 8);
insert into Baskets (ProductId, CustomerId, AmountInBasket) values (69, 6, 5);
insert into Baskets (ProductId, CustomerId, AmountInBasket) values (45, 33, 1);
insert into Baskets (ProductId, CustomerId, AmountInBasket) values (93, 79, 1);
insert into Baskets (ProductId, CustomerId, AmountInBasket) values (53, 14, 7);
insert into Baskets (ProductId, CustomerId, AmountInBasket) values (48, 63, 9);
insert into Baskets (ProductId, CustomerId, AmountInBasket) values (91, 88, 1);
insert into Baskets (ProductId, CustomerId, AmountInBasket) values (75, 13, 5);
insert into Baskets (ProductId, CustomerId, AmountInBasket) values (53, 21, 7);
insert into Baskets (ProductId, CustomerId, AmountInBasket) values (87, 96, 8);
insert into Baskets (ProductId, CustomerId, AmountInBasket) values (92, 43, 6);
insert into Baskets (ProductId, CustomerId, AmountInBasket) values (44, 5, 6);
insert into Baskets (ProductId, CustomerId, AmountInBasket) values (40, 34, 4);
insert into Baskets (ProductId, CustomerId, AmountInBasket) values (96, 32, 4);
insert into Baskets (ProductId, CustomerId, AmountInBasket) values (48, 29, 2);
insert into Baskets (ProductId, CustomerId, AmountInBasket) values (82, 61, 6);
insert into Baskets (ProductId, CustomerId, AmountInBasket) values (79, 75, 4);
insert into Baskets (ProductId, CustomerId, AmountInBasket) values (82, 14, 8);
insert into Baskets (ProductId, CustomerId, AmountInBasket) values (14, 49, 4);
insert into Baskets (ProductId, CustomerId, AmountInBasket) values (37, 77, 5);
insert into Baskets (ProductId, CustomerId, AmountInBasket) values (43, 71, 6);
insert into Baskets (ProductId, CustomerId, AmountInBasket) values (89, 100, 9);
insert into Baskets (ProductId, CustomerId, AmountInBasket) values (46, 53, 8);



#Faktury - 120
insert into Invoices (id, InvoiceDate, SaleDate, ValueBrutto, TaxRate, NIP, CustomerId) values (1, '2019-11-22', '2019-12-03', 2060.37, 14, '61936672', 21);
insert into Invoices (id, InvoiceDate, SaleDate, ValueBrutto, TaxRate, NIP, CustomerId) values (2, '2019-11-18', '2019-01-06', 8830.78, 10, '33708173', 95);
insert into Invoices (id, InvoiceDate, SaleDate, ValueBrutto, TaxRate, NIP, CustomerId) values (3, '2019-11-25', '2019-03-28', 5800.2, 7, '78588447', 42);
insert into Invoices (id, InvoiceDate, SaleDate, ValueBrutto, TaxRate, NIP, CustomerId) values (4, '2019-12-10', '2019-07-03', 6988.18, 21, '90023948', 35);
insert into Invoices (id, InvoiceDate, SaleDate, ValueBrutto, TaxRate, NIP, CustomerId) values (5, '2019-11-26', '2019-03-23', 6347.55, 18, '71477245', 48);
insert into Invoices (id, InvoiceDate, SaleDate, ValueBrutto, TaxRate, NIP, CustomerId) values (6, '2019-11-23', '2019-10-31', 5463.84, 10, '54472318', 1);
insert into Invoices (id, InvoiceDate, SaleDate, ValueBrutto, TaxRate, NIP, CustomerId) values (7, '2019-11-16', '2019-10-27', 6812.2, 18, '21568938', 18);
insert into Invoices (id, InvoiceDate, SaleDate, ValueBrutto, TaxRate, NIP, CustomerId) values (8, '2019-11-21', '2019-10-17', 2446.44, 0, '45046367', 85);
insert into Invoices (id, InvoiceDate, SaleDate, ValueBrutto, TaxRate, NIP, CustomerId) values (9, '2019-11-20', '2019-06-19', 4983.94, 21, '16072992', 51);
insert into Invoices (id, InvoiceDate, SaleDate, ValueBrutto, TaxRate, NIP, CustomerId) values (10, '2019-12-08', '2019-06-28', 4328.0, 19, '76383158', 46);
insert into Invoices (id, InvoiceDate, SaleDate, ValueBrutto, TaxRate, NIP, CustomerId) values (11, '2019-12-12', '2019-08-11', 6803.56, 4, '87161172', 32);
insert into Invoices (id, InvoiceDate, SaleDate, ValueBrutto, TaxRate, NIP, CustomerId) values (12, '2019-12-05', '2019-12-09', 9144.52, 17, '58190329', 81);
insert into Invoices (id, InvoiceDate, SaleDate, ValueBrutto, TaxRate, NIP, CustomerId) values (13, '2019-12-05', '2019-01-16', 883.7, 10, '09918342', 69);
insert into Invoices (id, InvoiceDate, SaleDate, ValueBrutto, TaxRate, NIP, CustomerId) values (14, '2019-12-08', '2019-08-27', 524.3, 1, '84366446', 83);
insert into Invoices (id, InvoiceDate, SaleDate, ValueBrutto, TaxRate, NIP, CustomerId) values (15, '2019-12-04', '2019-03-14', 1141.86, 10, '98225511', 58);
insert into Invoices (id, InvoiceDate, SaleDate, ValueBrutto, TaxRate, NIP, CustomerId) values (16, '2019-11-22', '2019-07-29', 4527.33, 21, '63722971', 98);
insert into Invoices (id, InvoiceDate, SaleDate, ValueBrutto, TaxRate, NIP, CustomerId) values (17, '2019-12-06', '2018-12-02', 7383.38, 21, '47656682', 65);
insert into Invoices (id, InvoiceDate, SaleDate, ValueBrutto, TaxRate, NIP, CustomerId) values (18, '2019-12-12', '2019-09-21', 8870.98, 13, '99086624', 19);
insert into Invoices (id, InvoiceDate, SaleDate, ValueBrutto, TaxRate, NIP, CustomerId) values (19, '2019-11-30', '2019-11-23', 2376.18, 16, '72192503', 78);
insert into Invoices (id, InvoiceDate, SaleDate, ValueBrutto, TaxRate, NIP, CustomerId) values (20, '2019-12-03', '2019-05-14', 7639.59, 6, '10194005', 2);
insert into Invoices (id, InvoiceDate, SaleDate, ValueBrutto, TaxRate, NIP, CustomerId) values (21, '2019-11-26', '2019-03-05', 2364.85, 20, '61824484', 12);
insert into Invoices (id, InvoiceDate, SaleDate, ValueBrutto, TaxRate, NIP, CustomerId) values (22, '2019-11-29', '2019-03-13', 2029.26, 22, '50648289', 41);
insert into Invoices (id, InvoiceDate, SaleDate, ValueBrutto, TaxRate, NIP, CustomerId) values (23, '2019-12-15', '2019-02-02', 6345.18, 19, '43814984', 72);
insert into Invoices (id, InvoiceDate, SaleDate, ValueBrutto, TaxRate, NIP, CustomerId) values (24, '2019-11-16', '2019-08-11', 3520.21, 14, '38846335', 10);
insert into Invoices (id, InvoiceDate, SaleDate, ValueBrutto, TaxRate, NIP, CustomerId) values (25, '2019-12-14', '2019-08-15', 5592.3, 1, '94729419', 69);
insert into Invoices (id, InvoiceDate, SaleDate, ValueBrutto, TaxRate, NIP, CustomerId) values (26, '2019-12-04', '2019-04-24', 7045.69, 13, '29985213', 81);
insert into Invoices (id, InvoiceDate, SaleDate, ValueBrutto, TaxRate, NIP, CustomerId) values (27, '2019-12-14', '2019-09-17', 2230.38, 13, '68859607', 62);
insert into Invoices (id, InvoiceDate, SaleDate, ValueBrutto, TaxRate, NIP, CustomerId) values (28, '2019-11-17', '2019-09-24', 111.06, 8, '79581074', 56);
insert into Invoices (id, InvoiceDate, SaleDate, ValueBrutto, TaxRate, NIP, CustomerId) values (29, '2019-11-26', '2018-12-09', 1341.3, 10, '34516876', 26);
insert into Invoices (id, InvoiceDate, SaleDate, ValueBrutto, TaxRate, NIP, CustomerId) values (30, '2019-11-27', '2019-02-12', 4042.9, 13, '41687216', 86);
insert into Invoices (id, InvoiceDate, SaleDate, ValueBrutto, TaxRate, NIP, CustomerId) values (31, '2019-11-22', '2019-07-13', 4646.48, 15, '20902829', 8);
insert into Invoices (id, InvoiceDate, SaleDate, ValueBrutto, TaxRate, NIP, CustomerId) values (32, '2019-12-09', '2019-05-25', 6998.46, 10, '57666501', 94);
insert into Invoices (id, InvoiceDate, SaleDate, ValueBrutto, TaxRate, NIP, CustomerId) values (33, '2019-12-12', '2019-08-20', 3790.47, 10, '31197871', 5);
insert into Invoices (id, InvoiceDate, SaleDate, ValueBrutto, TaxRate, NIP, CustomerId) values (34, '2019-12-06', '2019-11-07', 2673.91, 11, '11404609', 36);
insert into Invoices (id, InvoiceDate, SaleDate, ValueBrutto, TaxRate, NIP, CustomerId) values (35, '2019-11-22', '2018-11-26', 7128.36, 10, '23623132', 72);
insert into Invoices (id, InvoiceDate, SaleDate, ValueBrutto, TaxRate, NIP, CustomerId) values (36, '2019-12-11', '2019-04-16', 735.78, 17, '89966837', 18);
insert into Invoices (id, InvoiceDate, SaleDate, ValueBrutto, TaxRate, NIP, CustomerId) values (37, '2019-12-07', '2019-12-01', 8325.16, 8, '24170439', 75);
insert into Invoices (id, InvoiceDate, SaleDate, ValueBrutto, TaxRate, NIP, CustomerId) values (38, '2019-12-15', '2019-02-24', 1678.21, 10, '74308469', 46);
insert into Invoices (id, InvoiceDate, SaleDate, ValueBrutto, TaxRate, NIP, CustomerId) values (39, '2019-12-15', '2019-03-04', 422.67, 20, '17674128', 74);
insert into Invoices (id, InvoiceDate, SaleDate, ValueBrutto, TaxRate, NIP, CustomerId) values (40, '2019-12-05', '2019-05-11', 8259.59, 2, '01347709', 54);
insert into Invoices (id, InvoiceDate, SaleDate, ValueBrutto, TaxRate, NIP, CustomerId) values (41, '2019-12-09', '2019-01-23', 7720.13, 11, '52972629', 5);
insert into Invoices (id, InvoiceDate, SaleDate, ValueBrutto, TaxRate, NIP, CustomerId) values (42, '2019-11-29', '2019-12-23', 6321.58, 10, '34983949', 64);
insert into Invoices (id, InvoiceDate, SaleDate, ValueBrutto, TaxRate, NIP, CustomerId) values (43, '2019-11-30', '2019-06-07', 1185.18, 10, '70689724', 96);
insert into Invoices (id, InvoiceDate, SaleDate, ValueBrutto, TaxRate, NIP, CustomerId) values (44, '2019-11-26', '2019-02-12', 7808.08, 9, '07725946', 83);
insert into Invoices (id, InvoiceDate, SaleDate, ValueBrutto, TaxRate, NIP, CustomerId) values (45, '2019-12-02', '2019-12-22', 2749.95, 0, '98398768', 46);
insert into Invoices (id, InvoiceDate, SaleDate, ValueBrutto, TaxRate, NIP, CustomerId) values (46, '2019-11-20', '2019-11-09', 1116.34, 18, '52412486', 39);
insert into Invoices (id, InvoiceDate, SaleDate, ValueBrutto, TaxRate, NIP, CustomerId) values (47, '2019-11-29', '2018-12-01', 8243.13, 19, '51126153', 29);
insert into Invoices (id, InvoiceDate, SaleDate, ValueBrutto, TaxRate, NIP, CustomerId) values (48, '2019-12-06', '2019-10-17', 771.51, 12, '03380431', 33);
insert into Invoices (id, InvoiceDate, SaleDate, ValueBrutto, TaxRate, NIP, CustomerId) values (49, '2019-11-30', '2019-03-21', 6530.99, 6, '35432294', 7);
insert into Invoices (id, InvoiceDate, SaleDate, ValueBrutto, TaxRate, NIP, CustomerId) values (50, '2019-11-16', '2019-09-10', 8593.74, 8, '56507736', 10);
insert into Invoices (id, InvoiceDate, SaleDate, ValueBrutto, TaxRate, NIP, CustomerId) values (51, '2019-11-26', '2019-04-02', 7932.88, 1, '72678790', 16);
insert into Invoices (id, InvoiceDate, SaleDate, ValueBrutto, TaxRate, NIP, CustomerId) values (52, '2019-12-15', '2018-12-10', 5598.38, 7, '55485501', 96);
insert into Invoices (id, InvoiceDate, SaleDate, ValueBrutto, TaxRate, NIP, CustomerId) values (53, '2019-12-03', '2019-02-11', 8739.62, 23, '36738464', 55);
insert into Invoices (id, InvoiceDate, SaleDate, ValueBrutto, TaxRate, NIP, CustomerId) values (54, '2019-11-28', '2019-04-28', 1199.37, 18, '16210862', 17);
insert into Invoices (id, InvoiceDate, SaleDate, ValueBrutto, TaxRate, NIP, CustomerId) values (55, '2019-11-27', '2019-09-12', 8886.85, 5, '04529664', 49);
insert into Invoices (id, InvoiceDate, SaleDate, ValueBrutto, TaxRate, NIP, CustomerId) values (56, '2019-11-21', '2019-01-28', 3994.53, 23, '12639967', 9);
insert into Invoices (id, InvoiceDate, SaleDate, ValueBrutto, TaxRate, NIP, CustomerId) values (57, '2019-11-24', '2019-03-15', 4297.87, 18, '24602073', 41);
insert into Invoices (id, InvoiceDate, SaleDate, ValueBrutto, TaxRate, NIP, CustomerId) values (58, '2019-12-14', '2019-11-03', 4446.27, 11, '49211363', 20);
insert into Invoices (id, InvoiceDate, SaleDate, ValueBrutto, TaxRate, NIP, CustomerId) values (59, '2019-11-16', '2019-04-04', 2662.49, 9, '44687875', 23);
insert into Invoices (id, InvoiceDate, SaleDate, ValueBrutto, TaxRate, NIP, CustomerId) values (60, '2019-12-13', '2019-01-22', 569.27, 14, '04346530', 83);
insert into Invoices (id, InvoiceDate, SaleDate, ValueBrutto, TaxRate, NIP, CustomerId) values (61, '2019-12-08', '2019-08-05', 5422.84, 6, '77106065', 59);
insert into Invoices (id, InvoiceDate, SaleDate, ValueBrutto, TaxRate, NIP, CustomerId) values (62, '2019-11-17', '2019-02-04', 8533.78, 14, '42078604', 68);
insert into Invoices (id, InvoiceDate, SaleDate, ValueBrutto, TaxRate, NIP, CustomerId) values (63, '2019-11-16', '2019-06-21', 4562.54, 18, '00143448', 73);
insert into Invoices (id, InvoiceDate, SaleDate, ValueBrutto, TaxRate, NIP, CustomerId) values (64, '2019-11-20', '2019-02-05', 782.1, 19, '65529360', 65);
insert into Invoices (id, InvoiceDate, SaleDate, ValueBrutto, TaxRate, NIP, CustomerId) values (65, '2019-12-01', '2019-11-15', 3138.65, 13, '50572173', 68);
insert into Invoices (id, InvoiceDate, SaleDate, ValueBrutto, TaxRate, NIP, CustomerId) values (66, '2019-12-11', '2018-12-27', 656.31, 10, '96216543', 94);
insert into Invoices (id, InvoiceDate, SaleDate, ValueBrutto, TaxRate, NIP, CustomerId) values (67, '2019-12-06', '2019-02-19', 7269.21, 4, '99907218', 72);
insert into Invoices (id, InvoiceDate, SaleDate, ValueBrutto, TaxRate, NIP, CustomerId) values (68, '2019-11-18', '2019-01-07', 1799.77, 17, '17805542', 53);
insert into Invoices (id, InvoiceDate, SaleDate, ValueBrutto, TaxRate, NIP, CustomerId) values (69, '2019-12-04', '2019-10-20', 1340.04, 3, '76560028', 2);
insert into Invoices (id, InvoiceDate, SaleDate, ValueBrutto, TaxRate, NIP, CustomerId) values (70, '2019-11-28', '2018-11-28', 3251.68, 11, '56267470', 51);
insert into Invoices (id, InvoiceDate, SaleDate, ValueBrutto, TaxRate, NIP, CustomerId) values (71, '2019-11-22', '2018-12-18', 8851.66, 11, '75771428', 15);
insert into Invoices (id, InvoiceDate, SaleDate, ValueBrutto, TaxRate, NIP, CustomerId) values (72, '2019-12-13', '2019-04-20', 2242.0, 7, '94070196', 52);
insert into Invoices (id, InvoiceDate, SaleDate, ValueBrutto, TaxRate, NIP, CustomerId) values (73, '2019-11-20', '2019-10-19', 4277.49, 0, '03851161', 50);
insert into Invoices (id, InvoiceDate, SaleDate, ValueBrutto, TaxRate, NIP, CustomerId) values (74, '2019-12-11', '2019-09-01', 7690.18, 3, '06390200', 24);
insert into Invoices (id, InvoiceDate, SaleDate, ValueBrutto, TaxRate, NIP, CustomerId) values (75, '2019-12-13', '2019-06-03', 6720.15, 2, '89946703', 40);
insert into Invoices (id, InvoiceDate, SaleDate, ValueBrutto, TaxRate, NIP, CustomerId) values (76, '2019-12-04', '2019-10-03', 2240.33, 1, '32682913', 85);
insert into Invoices (id, InvoiceDate, SaleDate, ValueBrutto, TaxRate, NIP, CustomerId) values (77, '2019-11-21', '2018-12-21', 215.91, 4, '51670012', 73);
insert into Invoices (id, InvoiceDate, SaleDate, ValueBrutto, TaxRate, NIP, CustomerId) values (78, '2019-11-24', '2019-05-18', 6970.69, 5, '85840815', 1);
insert into Invoices (id, InvoiceDate, SaleDate, ValueBrutto, TaxRate, NIP, CustomerId) values (79, '2019-12-15', '2019-03-14', 9921.7, 18, '05556742', 72);
insert into Invoices (id, InvoiceDate, SaleDate, ValueBrutto, TaxRate, NIP, CustomerId) values (80, '2019-12-04', '2019-11-23', 7741.16, 0, '12650783', 92);
insert into Invoices (id, InvoiceDate, SaleDate, ValueBrutto, TaxRate, NIP, CustomerId) values (81, '2019-11-23', '2019-09-12', 8755.42, 23, '32490715', 16);
insert into Invoices (id, InvoiceDate, SaleDate, ValueBrutto, TaxRate, NIP, CustomerId) values (82, '2019-11-28', '2019-09-29', 7595.94, 23, '69635756', 10);
insert into Invoices (id, InvoiceDate, SaleDate, ValueBrutto, TaxRate, NIP, CustomerId) values (83, '2019-11-17', '2019-06-21', 5620.71, 10, '31933748', 86);
insert into Invoices (id, InvoiceDate, SaleDate, ValueBrutto, TaxRate, NIP, CustomerId) values (84, '2019-11-28', '2019-07-31', 6675.78, 18, '08853900', 99);
insert into Invoices (id, InvoiceDate, SaleDate, ValueBrutto, TaxRate, NIP, CustomerId) values (85, '2019-12-11', '2019-05-29', 8925.27, 16, '02776686', 93);
insert into Invoices (id, InvoiceDate, SaleDate, ValueBrutto, TaxRate, NIP, CustomerId) values (86, '2019-12-06', '2019-11-03', 4133.15, 8, '93268066', 88);
insert into Invoices (id, InvoiceDate, SaleDate, ValueBrutto, TaxRate, NIP, CustomerId) values (87, '2019-12-12', '2019-01-08', 8458.71, 2, '82542047', 7);
insert into Invoices (id, InvoiceDate, SaleDate, ValueBrutto, TaxRate, NIP, CustomerId) values (88, '2019-11-30', '2019-08-04', 2150.27, 11, '65954505', 28);
insert into Invoices (id, InvoiceDate, SaleDate, ValueBrutto, TaxRate, NIP, CustomerId) values (89, '2019-11-20', '2019-11-18', 2879.47, 2, '06125764', 10);
insert into Invoices (id, InvoiceDate, SaleDate, ValueBrutto, TaxRate, NIP, CustomerId) values (90, '2019-12-13', '2019-10-30', 5916.92, 21, '22286798', 27);
insert into Invoices (id, InvoiceDate, SaleDate, ValueBrutto, TaxRate, NIP, CustomerId) values (91, '2019-12-04', '2019-12-15', 5844.12, 18, '96279903', 72);
insert into Invoices (id, InvoiceDate, SaleDate, ValueBrutto, TaxRate, NIP, CustomerId) values (92, '2019-12-01', '2019-02-15', 4623.04, 20, '37847348', 14);
insert into Invoices (id, InvoiceDate, SaleDate, ValueBrutto, TaxRate, NIP, CustomerId) values (93, '2019-12-14', '2019-12-07', 3601.06, 3, '63604391', 39);
insert into Invoices (id, InvoiceDate, SaleDate, ValueBrutto, TaxRate, NIP, CustomerId) values (94, '2019-11-22', '2019-11-25', 6922.55, 15, '12185534', 79);
insert into Invoices (id, InvoiceDate, SaleDate, ValueBrutto, TaxRate, NIP, CustomerId) values (95, '2019-11-30', '2019-02-01', 4214.58, 13, '09418153', 37);
insert into Invoices (id, InvoiceDate, SaleDate, ValueBrutto, TaxRate, NIP, CustomerId) values (96, '2019-12-08', '2019-07-04', 1745.4, 21, '98226637', 15);
insert into Invoices (id, InvoiceDate, SaleDate, ValueBrutto, TaxRate, NIP, CustomerId) values (97, '2019-12-04', '2019-09-13', 9295.82, 17, '89864664', 21);
insert into Invoices (id, InvoiceDate, SaleDate, ValueBrutto, TaxRate, NIP, CustomerId) values (98, '2019-11-18', '2019-12-14', 7698.3, 10, '65607008', 73);
insert into Invoices (id, InvoiceDate, SaleDate, ValueBrutto, TaxRate, NIP, CustomerId) values (99, '2019-11-19', '2019-06-10', 284.72, 5, '61823618', 78);
insert into Invoices (id, InvoiceDate, SaleDate, ValueBrutto, TaxRate, NIP, CustomerId) values (100, '2019-11-27', '2019-06-02', 4144.29, 23, '06947663', 35);
insert into Invoices (id, InvoiceDate, SaleDate, ValueBrutto, TaxRate, NIP, CustomerId) values (101, '2019-12-15', '2018-12-02', 8202.18, 0, '19600336', 25);
insert into Invoices (id, InvoiceDate, SaleDate, ValueBrutto, TaxRate, NIP, CustomerId) values (102, '2019-12-14', '2019-02-03', 511.45, 18, '28987262', 99);
insert into Invoices (id, InvoiceDate, SaleDate, ValueBrutto, TaxRate, NIP, CustomerId) values (103, '2019-11-19', '2019-11-02', 7593.61, 11, '30163518', 57);
insert into Invoices (id, InvoiceDate, SaleDate, ValueBrutto, TaxRate, NIP, CustomerId) values (104, '2019-12-12', '2019-04-05', 3004.39, 1, '66180005', 51);
insert into Invoices (id, InvoiceDate, SaleDate, ValueBrutto, TaxRate, NIP, CustomerId) values (105, '2019-12-01', '2019-07-14', 301.73, 5, '81943729', 27);
insert into Invoices (id, InvoiceDate, SaleDate, ValueBrutto, TaxRate, NIP, CustomerId) values (106, '2019-12-03', '2019-08-31', 3479.08, 19, '17957297', 48);
insert into Invoices (id, InvoiceDate, SaleDate, ValueBrutto, TaxRate, NIP, CustomerId) values (107, '2019-12-09', '2019-09-05', 6630.81, 17, '99769861', 47);
insert into Invoices (id, InvoiceDate, SaleDate, ValueBrutto, TaxRate, NIP, CustomerId) values (108, '2019-11-30', '2019-09-05', 3245.23, 11, '08228725', 27);
insert into Invoices (id, InvoiceDate, SaleDate, ValueBrutto, TaxRate, NIP, CustomerId) values (109, '2019-11-26', '2018-12-25', 8991.24, 7, '10776451', 33);
insert into Invoices (id, InvoiceDate, SaleDate, ValueBrutto, TaxRate, NIP, CustomerId) values (110, '2019-12-01', '2019-09-13', 9038.22, 5, '29500890', 82);
insert into Invoices (id, InvoiceDate, SaleDate, ValueBrutto, TaxRate, NIP, CustomerId) values (111, '2019-12-11', '2018-12-16', 9219.89, 5, '34161046', 29);
insert into Invoices (id, InvoiceDate, SaleDate, ValueBrutto, TaxRate, NIP, CustomerId) values (112, '2019-11-29', '2019-01-16', 8444.4, 15, '74115652', 28);
insert into Invoices (id, InvoiceDate, SaleDate, ValueBrutto, TaxRate, NIP, CustomerId) values (113, '2019-11-18', '2019-08-11', 4359.21, 9, '21820378', 94);
insert into Invoices (id, InvoiceDate, SaleDate, ValueBrutto, TaxRate, NIP, CustomerId) values (114, '2019-11-16', '2019-02-14', 7946.44, 2, '38015941', 58);
insert into Invoices (id, InvoiceDate, SaleDate, ValueBrutto, TaxRate, NIP, CustomerId) values (115, '2019-11-25', '2018-12-16', 1032.71, 3, '39734601', 55);
insert into Invoices (id, InvoiceDate, SaleDate, ValueBrutto, TaxRate, NIP, CustomerId) values (116, '2019-12-08', '2019-09-14', 1089.93, 15, '63367392', 32);
insert into Invoices (id, InvoiceDate, SaleDate, ValueBrutto, TaxRate, NIP, CustomerId) values (117, '2019-11-22', '2019-05-11', 8118.83, 0, '29593477', 84);
insert into Invoices (id, InvoiceDate, SaleDate, ValueBrutto, TaxRate, NIP, CustomerId) values (118, '2019-11-18', '2019-07-26', 8047.17, 12, '76984670', 98);
insert into Invoices (id, InvoiceDate, SaleDate, ValueBrutto, TaxRate, NIP, CustomerId) values (119, '2019-11-23', '2018-12-10', 711.62, 4, '98292915', 63);
insert into Invoices (id, InvoiceDate, SaleDate, ValueBrutto, TaxRate, NIP, CustomerId) values (120, '2019-11-16', '2019-01-20', 155.12, 4, '61290874', 96);

#Zamówienia - 100

insert into orders (id, SaleDate, Value, Status, CustomerId, InvoiceId, AddressId) values (1, '2019-07-27', 2543.27, 'Pending', 21, 1, 1);
insert into orders (id, SaleDate, Value, Status, CustomerId, InvoiceId, AddressId) values (2, '2018-11-28', 7841.79, 'Pending', 98, 2, 2);
insert into orders (id, SaleDate, Value, Status, CustomerId, InvoiceId, AddressId) values (3, '2019-05-16', 7882.94, 'Accepted', 34, 3, 3);
insert into orders (id, SaleDate, Value, Status, CustomerId, InvoiceId, AddressId) values (4, '2019-01-16', 1349.96, 'Sent', 77, 4, 4);
insert into orders (id, SaleDate, Value, Status, CustomerId, InvoiceId, AddressId) values (5, '2018-12-06', 5140.1, 'Pending', 83, 5, 5);
insert into orders (id, SaleDate, Value, Status, CustomerId, InvoiceId, AddressId) values (6, '2019-05-17', 7817.29, 'Accepted', 13, 6, 6);
insert into orders (id, SaleDate, Value, Status, CustomerId, InvoiceId, AddressId) values (7, '2019-02-25', 385.17, 'Sent', 50, 7, 7);
insert into orders (id, SaleDate, Value, Status, CustomerId, InvoiceId, AddressId) values (8, '2019-10-27', 7646.53, 'Accepted', 83, 8, 8);
insert into orders (id, SaleDate, Value, Status, CustomerId, InvoiceId, AddressId) values (9, '2019-09-06', 2530.35, 'Pending', 23, 9, 9);
insert into orders (id, SaleDate, Value, Status, CustomerId, InvoiceId, AddressId) values (10, '2019-11-14', 4040.25, 'Sent', 47, 10, 10);
insert into orders (id, SaleDate, Value, Status, CustomerId, InvoiceId, AddressId) values (11, '2019-04-05', 6983.58, 'Sent', 8, 11, 11);
insert into orders (id, SaleDate, Value, Status, CustomerId, InvoiceId, AddressId) values (12, '2019-11-03', 6023.17, 'Accepted', 1, 12, 12);
insert into orders (id, SaleDate, Value, Status, CustomerId, InvoiceId, AddressId) values (13, '2019-04-13', 5546.6, 'Sent', 60, 13, 13);
insert into orders (id, SaleDate, Value, Status, CustomerId, InvoiceId, AddressId) values (14, '2019-09-24', 9235.6, 'Accepted', 97, 14, 14);
insert into orders (id, SaleDate, Value, Status, CustomerId, InvoiceId, AddressId) values (15, '2019-07-19', 5543.35, 'Sent', 88, 15, 15);
insert into orders (id, SaleDate, Value, Status, CustomerId, InvoiceId, AddressId) values (16, '2019-12-04', 8124.98, 'Accepted', 67, 16, 16);
insert into orders (id, SaleDate, Value, Status, CustomerId, InvoiceId, AddressId) values (17, '2019-09-30', 7575.51, 'Pending', 55, 17, 17);
insert into orders (id, SaleDate, Value, Status, CustomerId, InvoiceId, AddressId) values (18, '2019-06-15', 3562.95, 'Pending', 30, 18, 18);
insert into orders (id, SaleDate, Value, Status, CustomerId, InvoiceId, AddressId) values (19, '2018-12-10', 1498.98, 'Pending', 84, 19, 19);
insert into orders (id, SaleDate, Value, Status, CustomerId, InvoiceId, AddressId) values (20, '2019-08-18', 8744.37, 'Accepted', 65, 20, 20);
insert into orders (id, SaleDate, Value, Status, CustomerId, InvoiceId, AddressId) values (21, '2019-11-20', 2716.63, 'Sent', 52, 21, 21);
insert into orders (id, SaleDate, Value, Status, CustomerId, InvoiceId, AddressId) values (22, '2019-05-25', 4228.08, 'Sent', 67, 22, 22);
insert into orders (id, SaleDate, Value, Status, CustomerId, InvoiceId, AddressId) values (23, '2019-05-27', 4784.74, 'Pending', 44, 23, 23);
insert into orders (id, SaleDate, Value, Status, CustomerId, InvoiceId, AddressId) values (24, '2019-04-20', 9290.51, 'Sent', 52, 24, 24);
insert into orders (id, SaleDate, Value, Status, CustomerId, InvoiceId, AddressId) values (25, '2019-10-30', 193.7, 'Pending', 24, 25, 25);
insert into orders (id, SaleDate, Value, Status, CustomerId, InvoiceId, AddressId) values (26, '2019-08-29', 2953.43, 'Sent', 93, 26, 26);
insert into orders (id, SaleDate, Value, Status, CustomerId, InvoiceId, AddressId) values (27, '2019-11-26', 2012.75, 'Accepted', 35, 27, 27);
insert into orders (id, SaleDate, Value, Status, CustomerId, InvoiceId, AddressId) values (28, '2018-12-23', 2414.72, 'Sent', 88, 28, 28);
insert into orders (id, SaleDate, Value, Status, CustomerId, InvoiceId, AddressId) values (29, '2019-11-03', 2030.16, 'Sent', 52, 29, 29);
insert into orders (id, SaleDate, Value, Status, CustomerId, InvoiceId, AddressId) values (30, '2019-04-19', 8855.82, 'Pending', 18, 30, 30);
insert into orders (id, SaleDate, Value, Status, CustomerId, InvoiceId, AddressId) values (31, '2019-03-10', 6383.3, 'Accepted', 95, 31, 31);
insert into orders (id, SaleDate, Value, Status, CustomerId, InvoiceId, AddressId) values (32, '2019-04-07', 5169.4, 'Pending', 56, 32, 32);
insert into orders (id, SaleDate, Value, Status, CustomerId, InvoiceId, AddressId) values (33, '2019-07-30', 2698.17, 'Accepted', 18, 33, 33);
insert into orders (id, SaleDate, Value, Status, CustomerId, InvoiceId, AddressId) values (34, '2019-01-25', 8413.1, 'Accepted', 45, 34, 34);
insert into orders (id, SaleDate, Value, Status, CustomerId, InvoiceId, AddressId) values (35, '2019-08-15', 9748.48, 'Accepted', 98, 35, 35);
insert into orders (id, SaleDate, Value, Status, CustomerId, InvoiceId, AddressId) values (36, '2019-09-25', 3371.21, 'Pending', 90, 36, 36);
insert into orders (id, SaleDate, Value, Status, CustomerId, InvoiceId, AddressId) values (37, '2019-02-01', 3963.26, 'Pending', 92, 37, 37);
insert into orders (id, SaleDate, Value, Status, CustomerId, InvoiceId, AddressId) values (38, '2019-11-26', 4780.75, 'Sent', 64, 38, 38);
insert into orders (id, SaleDate, Value, Status, CustomerId, InvoiceId, AddressId) values (39, '2019-08-11', 9320.77, 'Accepted', 52, 39, 39);
insert into orders (id, SaleDate, Value, Status, CustomerId, InvoiceId, AddressId) values (40, '2018-12-23', 8937.53, 'Sent', 70, 40, 40);
insert into orders (id, SaleDate, Value, Status, CustomerId, InvoiceId, AddressId) values (41, '2019-01-30', 4837.36, 'Pending', 79, 41, 41);
insert into orders (id, SaleDate, Value, Status, CustomerId, InvoiceId, AddressId) values (42, '2018-12-16', 3396.34, 'Pending', 85, 42, 42);
insert into orders (id, SaleDate, Value, Status, CustomerId, InvoiceId, AddressId) values (43, '2019-07-31', 5254.26, 'Accepted', 10, 43, 43);
insert into orders (id, SaleDate, Value, Status, CustomerId, InvoiceId, AddressId) values (44, '2019-12-20', 529.42, 'Accepted', 92, 44, 44);
insert into orders (id, SaleDate, Value, Status, CustomerId, InvoiceId, AddressId) values (45, '2019-11-20', 9450.32, 'Accepted', 84, 45, 45);
insert into orders (id, SaleDate, Value, Status, CustomerId, InvoiceId, AddressId) values (46, '2019-08-03', 616.48, 'Accepted', 63, 46, 46);
insert into orders (id, SaleDate, Value, Status, CustomerId, InvoiceId, AddressId) values (47, '2018-11-28', 6126.63, 'Sent', 42, 47, 47);
insert into orders (id, SaleDate, Value, Status, CustomerId, InvoiceId, AddressId) values (48, '2019-03-21', 4834.62, 'Sent', 34, 48, 48);
insert into orders (id, SaleDate, Value, Status, CustomerId, InvoiceId, AddressId) values (49, '2019-08-02', 6944.68, 'Sent', 40, 49, 49);
insert into orders (id, SaleDate, Value, Status, CustomerId, InvoiceId, AddressId) values (50, '2019-07-06', 9411.51, 'Accepted', 44, 50, 50);
insert into orders (id, SaleDate, Value, Status, CustomerId, InvoiceId, AddressId) values (51, '2019-04-06', 8735.27, 'Sent', 13, 51, 51);
insert into orders (id, SaleDate, Value, Status, CustomerId, InvoiceId, AddressId) values (52, '2019-05-24', 574.05, 'Sent', 54, 52, 52);
insert into orders (id, SaleDate, Value, Status, CustomerId, InvoiceId, AddressId) values (53, '2019-01-23', 8055.49, 'Pending', 87, 53, 53);
insert into orders (id, SaleDate, Value, Status, CustomerId, InvoiceId, AddressId) values (54, '2019-12-15', 3749.29, 'Pending', 14, 54, 54);
insert into orders (id, SaleDate, Value, Status, CustomerId, InvoiceId, AddressId) values (55, '2019-08-09', 1798.74, 'Accepted', 94, 55, 55);
insert into orders (id, SaleDate, Value, Status, CustomerId, InvoiceId, AddressId) values (56, '2019-12-18', 3993.52, 'Accepted', 57, 56, 56);
insert into orders (id, SaleDate, Value, Status, CustomerId, InvoiceId, AddressId) values (57, '2019-05-09', 6237.1, 'Accepted', 20, 57, 57);
insert into orders (id, SaleDate, Value, Status, CustomerId, InvoiceId, AddressId) values (58, '2019-12-04', 5340.54, 'Sent', 36, 58, 58);
insert into orders (id, SaleDate, Value, Status, CustomerId, InvoiceId, AddressId) values (59, '2019-08-16', 4262.12, 'Accepted', 29, 59, 59);
insert into orders (id, SaleDate, Value, Status, CustomerId, InvoiceId, AddressId) values (60, '2019-10-29', 6309.39, 'Accepted', 7, 60, 60);
insert into orders (id, SaleDate, Value, Status, CustomerId, InvoiceId, AddressId) values (61, '2019-06-22', 5552.24, 'Accepted', 73, 61, 61);
insert into orders (id, SaleDate, Value, Status, CustomerId, InvoiceId, AddressId) values (62, '2019-08-25', 3749.08, 'Sent', 13, 62, 62);
insert into orders (id, SaleDate, Value, Status, CustomerId, InvoiceId, AddressId) values (63, '2019-11-25', 3266.17, 'Sent', 94, 63, 63);
insert into orders (id, SaleDate, Value, Status, CustomerId, InvoiceId, AddressId) values (64, '2019-07-16', 2971.48, 'Accepted', 83, 64, 64);
insert into orders (id, SaleDate, Value, Status, CustomerId, InvoiceId, AddressId) values (65, '2019-01-06', 4255.82, 'Sent', 68, 65, 65);
insert into orders (id, SaleDate, Value, Status, CustomerId, InvoiceId, AddressId) values (66, '2019-05-12', 7331.62, 'Sent', 62, 66, 66);
insert into orders (id, SaleDate, Value, Status, CustomerId, InvoiceId, AddressId) values (67, '2018-11-30', 4396.32, 'Pending', 86, 67, 67);
insert into orders (id, SaleDate, Value, Status, CustomerId, InvoiceId, AddressId) values (68, '2019-03-08', 1205.6, 'Accepted', 47, 68, 68);
insert into orders (id, SaleDate, Value, Status, CustomerId, InvoiceId, AddressId) values (69, '2019-03-18', 5543.08, 'Accepted', 17, 69, 69);
insert into orders (id, SaleDate, Value, Status, CustomerId, InvoiceId, AddressId) values (70, '2019-01-03', 6559.72, 'Pending', 36, 70, 70);
insert into orders (id, SaleDate, Value, Status, CustomerId, InvoiceId, AddressId) values (71, '2019-03-25', 1238.3, 'Pending', 18, 71, 71);
insert into orders (id, SaleDate, Value, Status, CustomerId, InvoiceId, AddressId) values (72, '2019-11-23', 5826.4, 'Sent', 59, 72, 72);
insert into orders (id, SaleDate, Value, Status, CustomerId, InvoiceId, AddressId) values (73, '2018-12-26', 8580.7, 'Pending', 59, 73, 73);
insert into orders (id, SaleDate, Value, Status, CustomerId, InvoiceId, AddressId) values (74, '2019-12-02', 6519.97, 'Pending', 52, 74, 74);
insert into orders (id, SaleDate, Value, Status, CustomerId, InvoiceId, AddressId) values (75, '2019-02-11', 3936.96, 'Pending', 72, 75, 75);
insert into orders (id, SaleDate, Value, Status, CustomerId, InvoiceId, AddressId) values (76, '2018-12-22', 7121.28, 'Sent', 96, 76, 76);
insert into orders (id, SaleDate, Value, Status, CustomerId, InvoiceId, AddressId) values (77, '2019-09-01', 6823.58, 'Pending', 47, 77, 77);
insert into orders (id, SaleDate, Value, Status, CustomerId, InvoiceId, AddressId) values (78, '2019-05-10', 8731.44, 'Accepted', 74, 78, 78);
insert into orders (id, SaleDate, Value, Status, CustomerId, InvoiceId, AddressId) values (79, '2019-09-14', 8245.09, 'Accepted', 27, 79, 79);
insert into orders (id, SaleDate, Value, Status, CustomerId, InvoiceId, AddressId) values (80, '2019-12-15', 5390.17, 'Pending', 18, 80, 80);
insert into orders (id, SaleDate, Value, Status, CustomerId, InvoiceId, AddressId) values (81, '2019-09-21', 9133.29, 'Sent', 19, 81, 81);
insert into orders (id, SaleDate, Value, Status, CustomerId, InvoiceId, AddressId) values (82, '2019-08-04', 984.24, 'Sent', 27, 82, 82);
insert into orders (id, SaleDate, Value, Status, CustomerId, InvoiceId, AddressId) values (83, '2019-06-18', 6545.24, 'Pending', 8, 83, 83);
insert into orders (id, SaleDate, Value, Status, CustomerId, InvoiceId, AddressId) values (84, '2019-10-02', 8101.47, 'Accepted', 87, 84, 84);
insert into orders (id, SaleDate, Value, Status, CustomerId, InvoiceId, AddressId) values (85, '2019-08-27', 7926.05, 'Sent', 3, 85, 85);
insert into orders (id, SaleDate, Value, Status, CustomerId, InvoiceId, AddressId) values (86, '2019-09-10', 2233.13, 'Sent', 42, 86, 86);
insert into orders (id, SaleDate, Value, Status, CustomerId, InvoiceId, AddressId) values (87, '2019-12-20', 5755.58, 'Accepted', 23, 87, 87);
insert into orders (id, SaleDate, Value, Status, CustomerId, InvoiceId, AddressId) values (88, '2019-04-16', 5639.62, 'Pending', 29, 88, 88);
insert into orders (id, SaleDate, Value, Status, CustomerId, InvoiceId, AddressId) values (89, '2019-09-06', 1934.7, 'Accepted', 35, 89, 89);
insert into orders (id, SaleDate, Value, Status, CustomerId, InvoiceId, AddressId) values (90, '2018-12-22', 8179.61, 'Pending', 68, 90, 90);
insert into orders (id, SaleDate, Value, Status, CustomerId, InvoiceId, AddressId) values (91, '2019-09-30', 1017.8, 'Sent', 58, 91, 91);
insert into orders (id, SaleDate, Value, Status, CustomerId, InvoiceId, AddressId) values (92, '2019-07-05', 9470.18, 'Pending', 79, 92, 92);
insert into orders (id, SaleDate, Value, Status, CustomerId, InvoiceId, AddressId) values (93, '2019-03-14', 4446.13, 'Sent', 35, 93, 93);
insert into orders (id, SaleDate, Value, Status, CustomerId, InvoiceId, AddressId) values (94, '2019-05-14', 4301.84, 'Accepted', 72, 94, 94);
insert into orders (id, SaleDate, Value, Status, CustomerId, InvoiceId, AddressId) values (95, '2019-03-06', 6216.13, 'Pending', 66, 95, 95);
insert into orders (id, SaleDate, Value, Status, CustomerId, InvoiceId, AddressId) values (96, '2019-11-10', 9458.82, 'Pending', 51, 96, 96);
insert into orders (id, SaleDate, Value, Status, CustomerId, InvoiceId, AddressId) values (97, '2019-11-27', 2015.79, 'Sent', 10, 97, 97);
insert into orders (id, SaleDate, Value, Status, CustomerId, InvoiceId, AddressId) values (98, '2019-10-07', 4267.34, 'Accepted', 11, 98, 98);
insert into orders (id, SaleDate, Value, Status, CustomerId, InvoiceId, AddressId) values (99, '2019-06-05', 3966.32, 'Pending', 63, 99, 99);
insert into orders (id, SaleDate, Value, Status, CustomerId, InvoiceId, AddressId) values (100, '2019-03-11', 8705.96, 'Pending', 40, 100, 100);


