-- phpMyAdmin SQL Dump
-- version 4.9.2
-- https://www.phpmyadmin.net/
--
-- Host: 127.0.0.1
-- Generation Time: Jan 19, 2020 at 03:22 PM
-- Server version: 10.4.11-MariaDB
-- PHP Version: 7.4.1

SET SQL_MODE = "NO_AUTO_VALUE_ON_ZERO";
SET AUTOCOMMIT = 0;
START TRANSACTION;
SET time_zone = "+00:00";


/*!40101 SET @OLD_CHARACTER_SET_CLIENT=@@CHARACTER_SET_CLIENT */;
/*!40101 SET @OLD_CHARACTER_SET_RESULTS=@@CHARACTER_SET_RESULTS */;
/*!40101 SET @OLD_COLLATION_CONNECTION=@@COLLATION_CONNECTION */;
/*!40101 SET NAMES utf8mb4 */;

--
-- Database: `shop2`
--

-- --------------------------------------------------------

--
-- Table structure for table `addresses`
--

CREATE TABLE `addresses` (
  `Id` int(11) NOT NULL,
  `City` varchar(60) CHARACTER SET utf8 DEFAULT NULL,
  `Street` varchar(60) CHARACTER SET utf8 DEFAULT NULL,
  `Building` varchar(10) CHARACTER SET utf8 DEFAULT NULL,
  `Apartment` varchar(10) CHARACTER SET utf8 DEFAULT NULL,
  `PostCode` varchar(10) CHARACTER SET utf8 DEFAULT NULL
) ENGINE=InnoDB DEFAULT CHARSET=utf8mb4;

--
-- Dumping data for table `addresses`
--

INSERT INTO `addresses` (`Id`, `City`, `Street`, `Building`, `Apartment`, `PostCode`) VALUES
(6, 'Wroclaw', 'Admin', '1', '1', '12345'),
(7, 'Wroclaw', 'Sliczna', '1', '1', '98400'),
(9, 'a', 'a', '1', '1', '1');

-- --------------------------------------------------------

--
-- Table structure for table `aspnetroles`
--

CREATE TABLE `aspnetroles` (
  `Id` varchar(128) CHARACTER SET utf8 NOT NULL,
  `Name` varchar(256) CHARACTER SET utf8 NOT NULL
) ENGINE=InnoDB DEFAULT CHARSET=utf8mb4;

--
-- Dumping data for table `aspnetroles`
--

INSERT INTO `aspnetroles` (`Id`, `Name`) VALUES
('2923f306-2385-4020-8057-4a74a4abceb8', 'Client'),
('89e1b37b-c80b-4511-92be-bba192f691d6', 'Admin');

-- --------------------------------------------------------

--
-- Table structure for table `aspnetuserclaims`
--

CREATE TABLE `aspnetuserclaims` (
  `Id` int(11) NOT NULL,
  `UserId` varchar(128) CHARACTER SET utf8 NOT NULL,
  `ClaimType` longtext DEFAULT NULL,
  `ClaimValue` longtext DEFAULT NULL
) ENGINE=InnoDB DEFAULT CHARSET=utf8mb4;

-- --------------------------------------------------------

--
-- Table structure for table `aspnetuserlogins`
--

CREATE TABLE `aspnetuserlogins` (
  `LoginProvider` varchar(128) CHARACTER SET utf8 NOT NULL,
  `ProviderKey` varchar(128) CHARACTER SET utf8 NOT NULL,
  `UserId` varchar(128) CHARACTER SET utf8 NOT NULL
) ENGINE=InnoDB DEFAULT CHARSET=utf8mb4;

-- --------------------------------------------------------

--
-- Table structure for table `aspnetuserroles`
--

CREATE TABLE `aspnetuserroles` (
  `UserId` varchar(128) CHARACTER SET utf8 NOT NULL,
  `RoleId` varchar(128) CHARACTER SET utf8 NOT NULL
) ENGINE=InnoDB DEFAULT CHARSET=utf8mb4;

--
-- Dumping data for table `aspnetuserroles`
--

INSERT INTO `aspnetuserroles` (`UserId`, `RoleId`) VALUES
('4ee037ec-fee4-4934-be4d-69db14b422bc', '89e1b37b-c80b-4511-92be-bba192f691d6'),
('5f11544a-bac9-41f2-a82d-5126fcaf9959', '2923f306-2385-4020-8057-4a74a4abceb8');

-- --------------------------------------------------------

--
-- Table structure for table `aspnetusers`
--

CREATE TABLE `aspnetusers` (
  `Id` varchar(128) CHARACTER SET utf8 NOT NULL,
  `Email` varchar(256) CHARACTER SET utf8 DEFAULT NULL,
  `EmailConfirmed` tinyint(1) NOT NULL,
  `PasswordHash` longtext DEFAULT NULL,
  `SecurityStamp` longtext DEFAULT NULL,
  `PhoneNumber` longtext DEFAULT NULL,
  `PhoneNumberConfirmed` tinyint(1) NOT NULL,
  `TwoFactorEnabled` tinyint(1) NOT NULL,
  `LockoutEndDateUtc` datetime DEFAULT NULL,
  `LockoutEnabled` tinyint(1) NOT NULL,
  `AccessFailedCount` int(11) NOT NULL,
  `UserName` varchar(256) CHARACTER SET utf8 NOT NULL
) ENGINE=InnoDB DEFAULT CHARSET=utf8mb4;

--
-- Dumping data for table `aspnetusers`
--

INSERT INTO `aspnetusers` (`Id`, `Email`, `EmailConfirmed`, `PasswordHash`, `SecurityStamp`, `PhoneNumber`, `PhoneNumberConfirmed`, `TwoFactorEnabled`, `LockoutEndDateUtc`, `LockoutEnabled`, `AccessFailedCount`, `UserName`) VALUES
('4ee037ec-fee4-4934-be4d-69db14b422bc', 'admin@gmail.com', 0, 'AOjuzofoacn1Y1uDAa87YDqrr6s82yFusXTJxlUUoQyEZdRiAQ3gMjyS+hrJmkYSPA==', 'c0b52d23-cce2-4792-99d1-ecdeb1fb23c7', NULL, 0, 0, NULL, 1, 0, 'admin@gmail.com'),
('5f11544a-bac9-41f2-a82d-5126fcaf9959', 'qwerty@gmail.com', 0, 'AJORu3zoGrzDqurWrk92kBOyHpelKVmI98dCWORiReavvomE+gFL35CupZnB4LeIkA==', 'b2d79bb0-41ab-4f0c-bc8a-2ba1a74c5663', NULL, 0, 0, NULL, 1, 0, 'qwerty@gmail.com'),
('dd4ed0de-8d5a-4b8a-aa43-bcc8afee8c64', 'filipgajewski4@gmail.com', 0, 'ALI3MUheLjIDnCKjEpozuNBdBiw2QmLaSPY+KBEoyldTl4W1gBURColSTfGhlJa9/A==', '0fb017b2-fc77-4cfd-9a6c-850a6fe40b5f', NULL, 0, 0, NULL, 1, 0, 'filipgajewski4@gmail.com');

-- --------------------------------------------------------

--
-- Table structure for table `baskets`
--

CREATE TABLE `baskets` (
  `ProductId` int(11) NOT NULL,
  `CustomerId` int(11) NOT NULL,
  `AmountInBasket` int(11) NOT NULL
) ENGINE=InnoDB DEFAULT CHARSET=utf8mb4;

--
-- Dumping data for table `baskets`
--

INSERT INTO `baskets` (`ProductId`, `CustomerId`, `AmountInBasket`) VALUES
(4, 9, 1);

-- --------------------------------------------------------

--
-- Table structure for table `categories`
--

CREATE TABLE `categories` (
  `Id` int(11) NOT NULL,
  `Name` longtext NOT NULL,
  `FieldName1` varchar(50) CHARACTER SET utf8 DEFAULT NULL,
  `FieldName2` varchar(50) CHARACTER SET utf8 DEFAULT NULL,
  `FieldName3` varchar(50) CHARACTER SET utf8 DEFAULT NULL,
  `FieldName4` varchar(50) CHARACTER SET utf8 DEFAULT NULL,
  `FieldName5` varchar(50) CHARACTER SET utf8 DEFAULT NULL,
  `FieldName6` varchar(50) CHARACTER SET utf8 DEFAULT NULL,
  `FieldName7` varchar(50) CHARACTER SET utf8 DEFAULT NULL,
  `FieldName8` varchar(50) CHARACTER SET utf8 DEFAULT NULL
) ENGINE=InnoDB DEFAULT CHARSET=utf8mb4;

--
-- Dumping data for table `categories`
--

INSERT INTO `categories` (`Id`, `Name`, `FieldName1`, `FieldName2`, `FieldName3`, `FieldName4`, `FieldName5`, `FieldName6`, `FieldName7`, `FieldName8`) VALUES
(1, 'Laptopy', 'RAM[GB]', 'Przekątna ekranu[cale]', 'Waga[Kg]', 'Pamięć GPU[MB]', 'Rozdzielczość', 'Procesor', 'Karta graficzna', 'System operacyjny'),
(2, 'Gry', 'Rok wydania', 'PEGI', NULL, NULL, 'Platforma', 'Gatunek', 'Wersja językowa', 'Wydawca'),
(3, 'Powerbanki', 'Pojemność[mAH]', 'Napięcie nominalne[V]', NULL, NULL, 'Typ złącza', NULL, NULL, NULL),
(4, 'Pendrivy', 'Pojemność[GB]', NULL, NULL, NULL, 'Interfejs', 'Dodatkowe informacje', 'PRĘDKOŚĆ ODCZYTU', 'PRĘDKOŚĆ ZAPISU'),
(5, 'Monitory', 'Przekątna ekranu[cale]', 'Wysokość[mm]', 'Szerokość[mm]', 'Waga[kg]', 'Rozdzielczość', 'Matryca', NULL, NULL),
(6, 'Konsole do gier', 'Pojemność dysku[GB]', 'Ilość gier w zestawie', 'Waga[kg]', NULL, 'Akcesoria w zestawie', 'Gry w zestawie', NULL, NULL),
(7, 'Myszki komputerowe', 'Długość przewodu[cm]', 'Szerkość[mm]', 'Długość[mm]', 'Ilość przycisków', 'Łączność', 'DPI', NULL, NULL),
(8, 'Słuchawki', 'Impedancja[Om]', 'Pasmo przenoszenia[Hz]', 'Długość przewodu[cm]', 'Waga[g]', 'Łączność', 'Konstrukcja', 'Złącza', NULL),
(9, 'Klawiatury', 'Szerkość[mm]', 'Długość[mm]', 'Wysokość[mm]', NULL, 'Obsługiwane systemy', 'Zasilanie', 'Podświetlanie', NULL);

-- --------------------------------------------------------

--
-- Table structure for table `customers`
--

CREATE TABLE `customers` (
  `Id` int(11) NOT NULL,
  `FirstName` varchar(30) CHARACTER SET utf8 NOT NULL,
  `LastName` varchar(30) CHARACTER SET utf8 NOT NULL,
  `Email` longtext NOT NULL,
  `BirthDate` datetime NOT NULL,
  `PhoneNumber` varchar(20) CHARACTER SET utf8 NOT NULL,
  `BasketValue` decimal(18,2) NOT NULL,
  `AddressId` int(11) NOT NULL,
  `Password` varchar(60) CHARACTER SET utf8 NOT NULL,
  `Login` varchar(60) CHARACTER SET utf8 NOT NULL,
  `UserId` varchar(128) CHARACTER SET utf8 DEFAULT NULL
) ENGINE=InnoDB DEFAULT CHARSET=utf8mb4;

--
-- Dumping data for table `customers`
--

INSERT INTO `customers` (`Id`, `FirstName`, `LastName`, `Email`, `BirthDate`, `PhoneNumber`, `BasketValue`, `AddressId`, `Password`, `Login`, `UserId`) VALUES
(6, 'Admin', 'Admin', 'admin@gmail.com', '2020-01-01 00:00:00', '123456789', '0.00', 6, 'Gajos4@6c', 'Admin', '4ee037ec-fee4-4934-be4d-69db14b422bc'),
(7, 'Filip', 'Gajewski', 'filipgajewski4@gmail.com', '2020-01-01 00:00:00', '123453', '0.00', 7, 'Gajos4@6c', 'werdon4', 'dd4ed0de-8d5a-4b8a-aa43-bcc8afee8c64'),
(9, 'a', 'a', 'qwerty@gmail.com', '2020-01-01 00:00:00', '1', '4697.00', 9, 'Gajos4@6c', 'a', '5f11544a-bac9-41f2-a82d-5126fcaf9959');

-- --------------------------------------------------------

--
-- Table structure for table `employees`
--

CREATE TABLE `employees` (
  `Id` int(11) NOT NULL,
  `FirstName` varchar(30) CHARACTER SET utf8 NOT NULL,
  `LastName` varchar(30) CHARACTER SET utf8 NOT NULL,
  `Email` varchar(60) CHARACTER SET utf8 NOT NULL,
  `HireDate` date NOT NULL,
  `Salary` float NOT NULL,
  `PhoneNumber` int(11) NOT NULL,
  `AddressId` int(11) NOT NULL,
  `Password` longtext NOT NULL,
  `Login` longtext NOT NULL
) ENGINE=InnoDB DEFAULT CHARSET=utf8mb4;

-- --------------------------------------------------------

--
-- Table structure for table `products`
--

CREATE TABLE `products` (
  `Id` int(11) NOT NULL,
  `Price` decimal(18,2) NOT NULL,
  `Name` longtext NOT NULL,
  `Description` longtext DEFAULT NULL,
  `CategoryId` int(11) NOT NULL,
  `FieldValue1` float DEFAULT NULL,
  `FieldValue2` float DEFAULT NULL,
  `FieldValue3` float DEFAULT NULL,
  `FieldValue4` float DEFAULT NULL,
  `FieldValue5` longtext DEFAULT NULL,
  `FieldValue6` longtext DEFAULT NULL,
  `FieldValue7` longtext DEFAULT NULL,
  `FieldValue8` longtext DEFAULT NULL,
  `AmountInStore` int(11) NOT NULL,
  `ProducerName` longtext DEFAULT NULL
) ENGINE=InnoDB DEFAULT CHARSET=utf8mb4;

--
-- Dumping data for table `products`
--

INSERT INTO `products` (`Id`, `Price`, `Name`, `Description`, `CategoryId`, `FieldValue1`, `FieldValue2`, `FieldValue3`, `FieldValue4`, `FieldValue5`, `FieldValue6`, `FieldValue7`, `FieldValue8`, `AmountInStore`, `ProducerName`) VALUES
(1, '199.00', 'Death Stranding', NULL, 2, 2019, 16, NULL, NULL, 'PlayStation4', 'akcji, przygodowe', 'polska i angielska', 'Sony Interactive Entertainment', 28, 'Kojima Productions'),
(2, '199.00', 'STAR WARS JEDI: Upadły Zakon', NULL, 2, 2019, 16, NULL, NULL, 'PC', 'akcji, przygodowe', 'polska i angielska', 'Electronic Arts', 24, 'Respawn Entertainment'),
(3, '179.00', 'Gran Turismo Sport', NULL, 2, 2018, 3, NULL, NULL, 'PlayStation4', 'wyścigi', 'polska i angielska', 'Sony Computer Entertainment', 39, 'Polyphony Digital'),
(4, '4299.00', 'TUF Gaming FX505DU', NULL, 1, 16, 15.6, 2.4, 6144, '1920x1080', 'AMD Ryzen 7 3750H', 'NVIDIA GeForce GTX 1660Ti', 'Brak', 13, 'ASUS'),
(5, '3799.00', 'Inspiron G3', NULL, 1, 8, 15.6, 1.8, 4096, '1336x764', 'Intel Core i5-9300H', 'NVIDIA GeForce GTX 1650', 'Microsoft Windows 10 Home PL', 22, 'DELL'),
(6, '5499.00', 'MacBook Air', NULL, 1, 8, 13.3, 1.25, NULL, '2650x1600', 'Intel Core i5-8210Y', 'Intel UHD Graphics 617', 'macOS Mojave', 56, 'Apple'),
(7, '619.00', 'P2319H', NULL, 5, 23, 481, 520, 3, '1920x1080', 'LED,IPS,Matowa', NULL, NULL, 14, 'DELL'),
(8, '619.00', 'VP239H', NULL, 5, 23, 387, 533, 4, '1920x1080', 'LED,IPS,Błyszcząca', NULL, NULL, 4, 'Asus'),
(9, '1099.00', 'PlayStation4', NULL, 6, 1000, 3, 2, NULL, 'Pad, przewód zasilający', 'Gran Turismo Sport, Uncharted 4, Red Dead Redemption 2', NULL, NULL, 55, 'Sony'),
(10, '1099.00', 'Xbox One X', NULL, 6, 1000, 1, 4, NULL, 'Pad, przewód zasilający, przewód HDMI', 'STAR WARS JEDI: Upadły Zakon', NULL, NULL, 30, 'Microsoft'),
(11, '449.00', 'MX Master 3', NULL, 7, 0, 84, 125, 7, 'Bezprzewodowa', '4000 dpi', NULL, NULL, 42, 'Logitech'),
(12, '379.00', 'Naga Trinity', NULL, 7, 85, 74, 119, 19, 'Przwód USB', '16000 dpi', NULL, NULL, 30, 'Razer'),
(13, '316.00', 'HD 4.40 BT', NULL, 8, 18, 22000, 140, 225, 'Bezprzewodowa,Przewodowa', 'Nauszne zamknięte', 'USB,Jack', NULL, 70, 'Sennheiser'),
(14, '779.00', 'Tiamat 7.1 V2', NULL, 8, 18, 20000, 300, 412, 'Przewodowa', 'Nauszne zamknięte', 'USB,Jack', NULL, 74, 'Razer'),
(15, '549.00', 'Magic Keyboard', NULL, 9, 118, 422, 10, NULL, 'macOS X', 'Akumulatorowe', 'Brak', NULL, 28, 'Apple'),
(16, '599.00', 'K68', NULL, 9, 170, 456, 39, NULL, 'Windows', 'Przewodowe', 'RGB', NULL, 57, 'Corsair');

-- --------------------------------------------------------

--
-- Table structure for table `__migrationhistory`
--

CREATE TABLE `__migrationhistory` (
  `MigrationId` varchar(150) CHARACTER SET utf8 NOT NULL,
  `ContextKey` varchar(300) CHARACTER SET utf8 NOT NULL,
  `Model` longblob NOT NULL,
  `ProductVersion` varchar(32) CHARACTER SET utf8 NOT NULL
) ENGINE=InnoDB DEFAULT CHARSET=utf8mb4;

--
-- Dumping data for table `__migrationhistory`
--

INSERT INTO `__migrationhistory` (`MigrationId`, `ContextKey`, `Model`, `ProductVersion`) VALUES
('202001180956304_initial', 'ShopLogin.Migrations.Configuration', 0x1f8b0800000000000400ed5ddd4ee43816be5f69dfa154972b866a28a0d916cc882e9a1d340d8dbae8d1deb5426220ea545293a47a40ab7db2bdd847da5758277112ff1dc776fe8a16e2a6f0cf778e8f8f8fed63c7e77ffff9efc92f4fab60f21dc5891f85a7d3bddd37d3090addc8f3c387d3e926bdffe978facbcf7ffdcbc9076ff534f9bd2c37cfcae19a61723a7d4cd3f5bbd92c711fd1ca497657be1b4749749feebad16ae678d16cffcd9bbfcff6f66608434c31d66472f27913a6fe0ae5ffe07f1751e8a275ba7182abc8434142d271ce32479d5c3b2b94ac1d179d4e978fd1fa63f4e087bb45d9e9e42cf01dccc71205f7d389138651eaa498cb775f12b44ce3287c58ae718213dc3eaf112e77ef040922dcbfab8beb36e4cd7ed690595db1847237491aad0c01f7e6443233beba957ca795e4b0ec3e6019a7cf59ab73f99d4ecf3c2f460996184febdd2288b372a27477499d9d4995b353a901d696ec6f67b2d804e92646a721daa4b113ec4c6e367781effe869e6fa36f283c0d374140b38699c3794c024eba89a3358ad3e7cfe89e307ce94d2733b6de8caf5855a3ea146db90cd3f9fe74728d893b7701aa7a9e6af7328d62f40f14a2d8499177e3a4298ac30c03e5b213a873b416791922b934c663663ab9729e3ea2f0217d3c9d1ee14172e13f21af4c200c7c097d3cc2709d34dea0261a1817a1b46f2aef377ee0e5c8209dbd2ee89cad9d385d61e9f64de8264ad2052edd2d9d93593da89443edbd937ccb7acd60a41555c6196838c5dbb8a938dea4a51779a3506c333c294aea51da30f22816dae09cad223c155d86657f19615d3bdffd87bc5b01eea693cf28c80b248ffeba98a276cbccaf054d6c8e2fe268f5390aa88a65ded75b277ec8f98a8002cb6813bb06ac11f94b39237932c6b82c812f3e5fc696f6e0a9c567307cca4aaf33958cd6851f2769f653610fe77af6d070847d744622fc61e5f881822afed907d9f77e9c3e9ee34e2a4967bf6ffd9539d2cd6314a2ebcdea2e1b096033f67b115e318e7f77824ddd0ee4fa2b074bf426c6bfc87ee1783a59ba4e066b617b8ba5655b137ee324c99f51ecb55f22996a766663faa70a9af26a39af9a64aa42924986e455c65a9864ca02a5b5d7e5ac9a40da4e7f2067fc3c6435cf5473a1c13443eabcce32d2a118fb6e6de8f17808cc4755c35cd193d53e47891bfbeb62e3dd9a78c3da15cbf6218a9fdb1abe0b1f055e6ea2f77899eb56dcb7ad38b7ad78605bf1b0f77ea9691d0d48ebed80b48e7ba755eea77243d2725ecf2d2d8a3b32085dcc5d061b247ee6823650da5b4a6234e4732ac9fc4aa8b0932a9f296e2a8512edb66f15ab26db3752e9756295d11a6752cc0d47f6734f41fbb00b6f5d45697f304af3c1281d0c46493547764b493543764b49353f764b49353bda516af2c2013b24336b2eec91407b6f65cd3facd641f48c9091352f2bbd5a73b9c6bd3ae306f1d0fceac7a81357dcd2099cf8b9e5ce56e2cfb33cb418cc71d6d3c2a2c973d615592bd75969bb64ae333e4f30be428156b6b7342819b6cafe5e557702ce92f5354a77cb8abb05e4458ce170577fdba5117726daf56ae3bdaf6bbce77b77f7f3e3c323c79b1f1da0f9e1f0865c76e4bb7fdc873e3798d4fdc3a37ed5f94b827b47aacc747f7f25c56a75167305859614e944a533a8eed5ba44dd7ed5ce38d53c6ecf1a6433124a12438f8692df7ee96a6bdcd97a8d3b2f57ad4c2266b79fd8ba2f71393b5cbf37adf174cda006954514defbf10a55ad7c1f61a57342eb35d0af4ef2d8bb737489dc4d8c9573993aab75efd4f48e8f3ba7d559d7dcfe195d382ede697d08b35aadf13e46eeb768937e08bd6c1bf02575c55d81264027ec9cb92e5e1f5e606546de22739ab75bcc67e669ec65c82270fc957c1dc219d2af65d17a2d222f21ac478062a6eef4dc86ebb15a1685592d4a34b24a8a99b29a81e9714a4ac28ce6051af92c4a75b6cacb7ba8fb655e0ebbfdebbc6df7458db548ccbb2f23daff717b4689b9c9d41129abd1405c1f5d8f06b226ddf6d190b38993bffb5eb62ad1d8fc948531bc5679f9beaa79cc719c0d3d1c98660e4d7c181b000d97b324895c3f1f05dcfddfca03c7728f577093a69b6c454be8fb66b84158c1fd6caac34c9c4eff264845815b9d98d7b895779085dd9bf23afa293c47014ad1e4cc2d3e0b5a3889eb7862af60f9786c0a566b146703d8c9763c091e967e988a63c00f5d7fed040dcc73f53467ab8caf8a029f738ed628cc2c4c437fe890a69cda220715214e624d023a9951daa5a974e5e58e46e510ae7a342b5da7daa16049a2afe5170e4da3a09dce71321952e7b8b6eb90863f641948e9f80b45500783b78beafead2eb30ea271e0f72003291c209001f40d68b90ee51bc55756839838e162016850e05b069491abee790d63e4e07b6c8da3a02b33078965083b07355fcbd051578e47513de15015ea65f884b5eee4fa4a8afe920e3c987d094b3a88f901d40eea8f97b0a4931c7e42eaa13a09ad15843d8f1fc4ea29ce5f258cd5a7aabdd83f584a0368222c091de2f243d4811411f07e437ddee40aa72c167fb639884e36f8e001bd247ee05e14532db10194532d121d06c00b0163282839f3d05500fe0064db14943b79011494b86607515056622328282b9217a7a0c551976eff73e75edba69eec81dbf0d3ba525c23e826238f2d53cdc2878deba4b8068a45f53cbfcb32d193ecb362cc2739e74988cb9c57910c7c895276019d1dead6be737eb3226c79588cea5b3501a174d03400944e321944ede76c00a93f651030aa2d7b131fc51ed6974aa3f64534a094fb191948bdaf6c002107ed0200bb3f6800e107b70ab036000da0e48aa7a82dbca13360aebcaba1e48eacee0c60cb7b154a58322773b0d4d814f5b4beb74d15839e45e00d86c6d952d526666808a647e3348942a2463a3f91b08d35114435f41582907a9ef5ce3bec05c17b8d29a48ae7d662103ed615a5a074bf6b39e029ce6b13a71001e437ef4502920fc9249aa0760a6bba85695da0ecb44a194077ae864c2d84217ed621ca42eda5d4f35352dc53738d4210a067b227f320fb2440144593ef4cd77b4635824c720a51289c5d148e64e26c2d14e87ea228181d5f8e8937876a18e90c85801a3c2f8090cac6742ea5720a6f9692cca160e2526825256efb0f48a96c4ce752223ada2c24c9a6d6605bdb4a44ec16b4a3c156def8a9764b55dec9ac78d897249ccc8017804fae9cf5da0f1fa8178149ca64593c07bcf86969fe52eeaac098b98cb4f9bd5d45298d62e70171b99834e634ff94f7dc499d3b27bbefb4f0564231e9de1058269724f9ed9fd891e59ab9ac91fd265f19004ff84a76d2a4f2056e5ef6266bde52244e3b62cd49f63273f64dace4e6ea220a36ab10760cc0b58be774e9fa0bc90d561542f9582e8d51a6e9a3d48fe1d23875aa3e12f5dc2d0d4525eb63d52fdad25075aa887432e33a58708f087a2438b158c5d4525b78356da0b4c43961aeb3504550acf5a50c46aef05d0d188bbe4fc4a8b1e29e914279b8b769190de2f2b6a6f3eb9d60abeeaf1c4be60a0057edc76a51af39d02054b23e56fd3e030d55a7ea23918ff1681892646007eba74c194358271b582ffa6b3466a0d11906bcd10f9432dcd1190683adbeabc08c33f80a83a2add5c30a4c43ab54037d28dc5f8c32c83c6239c238035ee1363018efa513d87cb88335fb19ede4894b76aaf0c517b85518e208371dddcc739534109361307151f7c398894b716f0c46631ea6646d22956183b70fe1eddbe1cd21bcb91dde01847760877708e11ddae11d41784776786f21bcb77678c710deb1cdc2893c42295b37912c93714fbf4629ae14cb9cadb1cb941bb6dd4aac3c59b358898155fbb1cdeded2afde2a1a08824dd024d66b648ba059acc6891740b3499c922e91668328345d22dd064e68aa45ba0c98c1549b74093992a92be3536a03e80686502aa7371731300577ddd8c996dc6eab7ec68983ad5c049461eb3639c64246dbc0dddeb06cc729043a70606039cb9b7623ec8d5d5c79eeb47ea16f1e0a4932eaa6e02d977130c0109bbbc5f478b1bba7307a39457f06914e85afe68dd061d759b9cb77077ad2cce5d9a10fa19535d4c53fcf35c021895676ed08b67ba6446bdc8319804d9b7b898b990cd1a6f4a94bfaa05005bc9557c638b4617734d264ee1b52d761215b22db0253cf379060b10f1412e66212266eb63d7af73f126748b672df0668be5b4555c116d376f0118fdd8c36ea63deaa523c6b55a271b62490e3de8f4add425f0fe8fa52e158bf076ba046028b70237d50b41c296e0067cd608c6bca19ffde19c8af0b347309e99c6f6aa17c2e51fbe48459da454ff57977fc8c59be698e0c24d9ca24816aab010e3e9f4ea79f947b09be5efe63f17819fdfbf284b5c39a17f8f92b478eb6a7ab87bc80516df9e20dfb324f1988764e148df6c770df0609d9fc9b4f1493ad3b7e2fc3acc76f8dd89dd472716a207d498e651b53b02e583684b61f78c618598d91de1f221b2ad604d23625b68a4e22a4edfc1a97375163ee3ba0c3df4743afd575eebdde4f29f5fab8a3b934f31b626ef266f26ffee20a8b52efdba662b06e4d1b07326ba798b5b7e37e7c51a2621908b7408cddf98bf55ecf483cb3cd11d441827ff50b16d88630fff4ef31794a9d8c0e6dc495eac96367cdf1c5a12cfd8eb3d9eb1eee8ad2ab61abc7c38178d49cd3c588b1da87144de1fc33c30e170ef83c851aa83798fd316a21ecc5d529084c595590dbba8b70dc3c39c5b49405c2275335625f1715be2cc3bc239e808e7b06d6f4a62e5b6877adb1dd4715b286920dbe69510b4a6641fe7d763ca3ce0ea8f6136fb376b626053e9bc7668bca512e398760d3cef0bf8a02fe0c3be808ffa027edb17f0712b60f3909d3f863d50ecb23416d7d956aa42a816d8fb99d5e86b8f66cdd55e7bae981d5e575b003e8ea697ff6e15435358c0d8ee106de6e42ddba9596fc499ad99ce5479997c09fd3f36b831b7d8bc34b26e17a87270ab23775c66310b5aac3cf48773d6e8ec579ebc2391311f83a95b992b2229524b248b4e193c44a191052daab2e3b065f7b3810b8db829aab6e0c63a9ce1cb1d6dcd5315375aecc303de4551d0496c40dbeda434f49f2d986416ec00aa1ba14151fbacc0c0907dcd0e679dc6cb03fa59710a46f3b3599ef0b1fcf42d515973c4a9487243e7c5ee3cb66b7a1242a659bb628588681d3ba474029eb55b9bbcb040629dcd9937629cb0ceb0c7d4f61e828355efbc15ed192cc283f8dea1653c32bbb77cc1c77e742ceec426f2d28b8805611cde6bcc785eecfd8be1c2770da135e0c33e26577906529a1bb3f05c23c6e31a5a63a407f5a32b8ceaa6d87606d81a33a09681d6761c3f6bc0386d3f5878acf11735f523e9140bfa11b9b67d51a3f8d67dfb16359601aeb625a655edb996f0336028ab21a35729bedfd575ab0fa45ced82566d41981549780240cf060c4d35b4ae411fdd191cf76c7f00aa2d5336e65876cc3053432b1bf455de962b9b5130a92dd3b5b1e6cf91354d7b0a1d3d3494f84a38dfade4134a764da98af8547cdd783af5ee22dcf5854f158e10c11328fd02027e992183878292f0e0b5a34c80afb36404c0083250282955242919811b289488d0846a172e36a1ca9236010c7c0246a15206a192d100438a80a1960a1b209061b3a51a95acaf512a7ff31f22561b1d90605d04260a071b10460b6f80c551c3975093356b2b59382a1b4bcaa8c902213a54b4c93a42499b9451d306025f0c11648b33764cd001d164cb9cf454453018ddd684d0d26257ead7a5ea0161fbb62340962c7ad3680dec2dfe952cde95ec54d94a3ce3c7b6b21d95fcacc6be00d9be993d47ae92c6bd91455d6c588c4b50c0f88ddb1ca98aed7f7500c926c70b201379d4c86d0e4cd5895098a91b7897a67ba1f41587aa13917439740ce24e894fcce00de026ccee1616ff9da3c47fa8214e3066885c66eb5795b90cefa37207ca715416e1aedc5ca1d4f1f0bef02c4efd7bc74d7176768f307f4324bfa095d9cf3be45d869f36e97a93e226a3d55dc0cc35d94e56453f0faec5f27cf229ffa437e9a209984d3fbb8ef929cc9f3fa9f8be905cf20120b22d32b9b597f5659addde7b78ae90aea350138888afdad9df223cf960b0e453b874be231bdeb0fa7d440f8efb5c5fe982409a3b8215fbc9b9ef3cc4ce2a2118757dfc2fd6616ff5f4f3ff01d958dba6a3c50000, '6.2.0-61023'),
('202001180959171_firsttry', 'ShopLogin.Migrations.Configuration', 0x1f8b0800000000000400ed5ddd4ee43816be5f69dfa154972ba60a28a0590433a2f9d941d3d0a88b1eed5d2b2406a24e253549aa07b49a27db8b7da47d85b51327f17f6cc74955cdb6b82962fbf3f1f1f1b17d7cecf3df7fffe7f4a7d74534fa06d22c4ce2b3f1de64773c02b19f0461fc7c365ee54f3f1c8f7ffaf1af7f39bd0a16afa35fab7c33940f968cb3b3f14b9e2f4fa6d3cc7f010b2f9b2c423f4db2e4299ff8c962ea05c9747f77f7efd3bdbd2980106388351a9d7e5ac579b800c53ff0df8b24f6c1325f79d16d128028c3df61cabc401ddd790b902d3d1f9c8de72fc9f243f21cc69332ef78741e851ea4630ea2a7f1c88be324f77248e5c9e70cccf334899fe74bf8c18b1ede9600e67bf2a20c60ea4f9aecba0dd9dd470d9936052b287f95e5c9c210706f863933658b5bf1775c730ef2ee0af2387f43ad2ef877363e0f82146490636c5d2717518af2f1dc9de0323ba33a65a71603282de86f6774b18af2550ace62b0ca532fda19ddaf1ea3d0ff05bc3d245f417c16afa288240d1207d3a80ff0d37d9a2c419abf7d024f98e09b603c9ad2e5a66cc1ba1851a66ccb4d9ccff6c7a33b58b9f71881bae78976cff32405ff003148bd1c04f75e9e83344618a0e01d573b53d7459107732e4fe198198f6ebdd70f207ece5fcec64770905c87af20a83e60023ec7211c61b04c9eae405b1d101780bcef5adeafc2282890a5f5ecb9a8e77ce9a5f90272b7ef8aee932cbf80b9ddd6733a6d069572a8bdf7b2afa8d70c465a59643d030d7e09567ece8f3761ee8ba25120b5199e444dea51da32f20812bae09c2f123815ddc4557f1961dd79dfc2e7a25b25d48d479f405464c85ec26539454daac42f659d501d5fa7c9e253121105abb42f0f5efa5cd0954832cc9355ea1b9086f92fa40ca78908639238bad8741159da83a7619fc1f0a90a7d9fa944755d876996a39f0a7d38d3d3878623ec83b7a68aaf165e18296a853ffba8f67d98e62f97b093aaaad1ef8770618e74ff92c4e06eb578442341da8cfd5e98578ee35fbd68d5b403f8e1c2831cbd4fe12fbc5f381e8fe6be87602d746fb9b4ecaac2efbd2cfb3d4983ee4b2453c9463a66f05ae1ae8698f544cb9afd639bf59374c6a8770daab9acce2498cb705a3d2770735995a19a547429abe7a9aeb3ac943276bad3a50c75929aac32878026942027a8481551a33db99e2f9770c22be82a6930d90cd265b771aaed30601ccf3ffb87470ef639452d1749fc14a60b50b7f27d02c5c68bad75e9cf5ef6e260ea6cd9d9027f9542e19ce7de62d97b6d7ab3a9f3ba9c75cdc3efc9b5e7c355e0558c4a75c6fb90f85f93557e15076881f239f7f9f58a26801372ce7d1f4e01d75098417081f664dd1605483db5ac3a75c79ffd2e30f2c28578766214e9972a6b331f8873701383249be97c55e8703d52abac7252cb1cada4e26ca6a422303d4a714e39a14586563acb5c9de6dc6a9786f08a1e52cdbab7b581f73c5bde817c52959e94b8d729c4844afaeb8483dd1969176e26ec7ddd097bb6f7f8343b3e3cf282d9d101981dfe19f7c9ce56d7a6f62cd47da8d2dee7a6a2266a63e7a82aabd180f750ae47035e936efa6828c8849fbf85015a9568985eabcc105e2b7f25cfa6638ea16ce8e1403573e8ca87d10156c305cd45ee470b42ddfcc12216656156d4201ba95f97f6afe8dd1089abcf080c4c03b8cc369a04fa5f55dca7a1df4cb7b07323731969d9cdf464cdbe04999f86cbd221a1ef9509e4ed7392be7535085f87200a8a15ce1ecb73dd82fbb60567b6050f6c0b1ef6de2f4d5d4703d6f56ec0ba8e7bafab3a672e1449c7f38e42d3b69a372ce9b632b61b1c1cb3bb6dd9c1b2b691052b0db1b51d277ec1b5d0a7006c227fd8cee5e876ac5d936a72ac8d0b7d9f584575ad67522c1407fab9a7a8fbd08517535dd3fe6035cd06abe960b09a5473a4db9a5433a4db9a54f3a3db9a54b3a35d4d6dde4992235d336dce9da14af5bd9536bf5a2ca3e40d28b7e39c36af0a7dd7e66289fbeea434880fc9cf610a9cb828cdbdc84bdf3aee6c0527b396ce9c833914f5b4b068f3287255ad95af4fa5bb44be3e6c1aa77cb90c4eced3dc9b43b7c314ba2d2e30eb3e8147f65cb13093fdfd05676bc4994fe5045a90c544a4cfb32cf1c3822ac6e9b91e5e741bafe260d4e65757f299743383ec86e218a2036d48c4d9f86f1cef14b8f576b8c1ad873e0dbb376665f6637c09229083d1b95fde85baf032df0bf8be83fc09e82f50cc418a98eb21bfa60c0ea230cef93111c67eb8f4a216e299729aa309d155d7c0a65c82258851efb7f4874ed5c48cc5535057c470ac8d41a75342ba3485aeb2dcb40a0767c769173aa7d2a1204920afd5b58eb651d04de6189e0c29734cdb75aa96dfde1948e824ce4fb27e6ef38422b413ebda3a881cb6b86011f409dc807a114c35c706104f354b7408901ef6ae4340b1cb9bae00b0fe6f9b26a08ce39d4440f15e641001a539b60601a559b275025a7a3aeaf63fe3f6b869e249fb5b4aa4b3dcf90d229c14bbd6209b143f365e34e90b2ead6b37fab68ba30d0c7549465fbe7727933dc72b439292219785245b375e64d8d36359ff4a8f929b1eae3d9706d15cd24bd1036d40240c1940d0242dd7a9f95ef1d4c0200a8a3b4592ea13f99112a1a8ea43fd6136bd72a785d651e06adb2b63cb100a4ed67cad8d2fe15fb616d1e32ce8b25e969bd39b4e6ece1ff56748a9157e1b4c7c32e207103b597f6c83894f60e9968987caeccd2fc3454bf09eb49ec2d83efcfe40cea5012451ce099dcac57ef1bd086279ec01cbe4b00448f98debe5234a04af223773d8307c8697e13320563210f81ce4f41843b7fd9ae316569f715a91c6a87d1739846a0dd702502dbe4510cd76a605041f45f1ad60b72e2d389ca951042ab0471ac056174195b0d88a64008b6f6d2a51cbd1dd02da78097158f502a9ad4bcb15432824a859f9b5a054b38708a499c55b40dad8226409313679396dcef1896cb2773d5885a1711c59b7801a1a9cead1388024908891cece1f74634d18510f7d0523849b5331f9ecfed49e11ecc69240aa69eecc06d95d749e193a07373a472302c660bda7604acb310b8125d27dceb95469bf762e894e0f4cce0f3a7189b1f54bb85435c63997b0d66a6792c0826d60c3eec422dade2ce1106e883b9d53cee20a85c3db4f352ca8f6aa86b299b6f1d3a2e1dc1511bee94a3ba0962590a0bb99fd15ad9719f07ad1b302f76541f7abad539af629520c88258c4a0ea476250d9e5a30837726e479a13697e8194c08ea89659882115213494f8b1091231acf8ab64dbcee369e688450a3e9eeba1d69c9ca3baede26d669a7d3f2e56ffce1742a7922fcf4d65b2ec3f89978321c7f19cdcbf7c22f7e989b3fa5bd2831a63ec56776535bd79427a9f70c98545835a4b4f069bff472efd1439e8b17c182cb26dc144b76035595ecbe97efc56a9f509540bfb1d3b6e48d6f81090117be86cd438f36172d05fc48e04b8ed0d3edc8395ce0857a9144ab452c3787c84b97ef6d93e52f04d70a5408d56bda2446f54d1fa5792d9bc469beea2311ef619350c4677dace6c96b12aaf9ca239d4e990ee6ec429c1c71463b5a30b5c4563ec11b082db6ca98cbacaca094adcd8115c557f939961c8bf4bda3c458e193a7101ee6f16a4a8298b48de9fc665ddaa9fb6b8b9ab900c88bf6a3b5886b4d2408f1591fabb9a84442355ff591f0cd2312067f32d083cd5bc794226c3e1b682ff2161035d0c80403dac8178c29eac80483c1d69ce350e34c7ebca3686b7dc3886a68fdd5401e4afb2a250c2293ab0aa372fe2041640e216b531bb245afc93287b1a15b2c77da10fa51202e862afb4e2c0746a4990b72f95eac4898cb1483051afd282cb54ea393d6a75ac4cfbb4a80adf8ca3ff64aa2f3a9260a837bf695561e5cb205b6806636cd40f1f22fc3520a984f36537dfc74da7cdd18f527b06977d285fcd19fb936d4c0e8471f9a4d58d2b578f3e426b5146f3e1b6209d61ae4f78d9425e9e184a52c958b8f6eb224c1502e81eeeba72ab9a5d0bdf47d4d39e63df9fe24b3eb93bfbf29c7db8a25166fc9732616c5e97437a91043f4ab222a7f191245e643b3b66e539c1418f456e51261de49d292fd287ffc96223d28433e04960a839ff24d77cfd4bb8824109560308110bea9d404a2f05995a3512f20d2360722c1066f5f86b76f873793e1cdecf00e64780776788732bc433bbc2319de911dde3b19de3b3bbc6319deb18d6112bf7628b24be224a3299978f690b7c46edc929d3879ed66e9acfccc2c2c9dd2a2fde8e6ee7a957c5a8f1344fcdd024da4b6f0770b3491d2c2df2dd0442a0b7fb74013292cfcdd024da4aef0770b3491b2c2df2dd044aa0a7fdf181dd0f81c745201b597a8b90a9017fd7ed86166416d1e4d23619aaf06364efc6a1a65dcc4dfd667d5dcfe038e350d72877be58efb64b33df250737dafddc2b910b159eadaf197faffda8508bbef507e4545ab919750d1da0cbb12b1fe3c65161411b5b40a9d8d6fdfe6bf4513943e297e5e4461e1c551e5b8f5e2f0096479f916dcf87002e7e5f328f4b2d2d10b7b2a9db03762b45c97f666c87509048b295bdcdc010aa16459403d332a882529bcc738c0137621e269eb6ba3a631988a426505f1372ff55fbc947b8cb3c1d40a71885d8b9c82367e460ad83d6358c2e7c8296ee380d40156fb694891778f9e44aa2ea60b2e134b3d76dae598a8891067ee16dc4d1c80d7b3f1bf8a5227a39b7f7ea90bee8c3ea6509b9c8c76477f98cb3941ba59fd4dc94e04b0be4904116e02d8883d7cb6563171ef220b87d06cb7f3b3c7ae70a9578da304e214f73cbb46520fe0efbc78a69808416e4e9de0bd6161c3f7cda10561d383dec3a6eb8edeba60a7c1cbbe8eac31a999bf7dec0a940ee8d5a06a70ab2c4ab38a7d31d7c98ca5742a1a4267892764ba7de6c35e3ca4d08bbf66cb077180ebc724899c44b7166927ebe0d5b660028de400ca0dd36471a7adc0a441a7db55bb4ee3c521a9ad2895c6a36e5fa688d590789e6d534455c9e2f3cee826fb1c87bfad60c2036407a39298c1e52ae6a4c0b5676b575283cd0776417f6d073d1fd3570fc969c8de9a657ffc1f84c2753667def3916e9d61af53da5d86b7ed265983c78d5db75aa1a3c91a5153161da2db855e435b3baf50015e9fa2c453eec8cc375de4e2a151ed2e6b10047ab59e8db838ae2d3b54736a05215e31d7cd4815447ced8833738473e008e7b06b6f0aa2bf76877ae70eeab82b943034abcd2a9ff643ea651d2676e8d95ab5d9bf5ae343750a575787c65b4d3e32a76be0595fc0077d011ff6057cd417f0bbbe808f3b019b07a1fc73e803c54187c6e2159d66d408f51a769f59c33a3d26b1a66aaf3b55edd6560b83391b1932287e778a0ac92d606c0f696ce6e40d3b2cb13e0ba34e4774a64ade52e876bbcebb1a6dd55185dd70468deedf1adb213660fd9a56d9b2c11ef4e61f94b38ce66117b145fa7e918efc8d6c226c6cc5d3dfc6d1fdd619ce8f7606192e7adf1052237dabc8c4af6820a1e9169d6f03e249095eb526685a530cbe21df8657dde937308f6f7ea4bd0d13363a7af71ae3e90d2d6cb24bff1b2e6c4651f3364cd6ca933289a80d171c6f684993dc8fd83041d38b81d741c08491ead6bc061f5e308c5670db14e16e8d21ed865e850b8f81fb11178345b8ea2ac066c6a85b674c3a03a9751c826ec050877fb20873eb371435916f0812f483da6dbaa14871657bf30c459631e236252cdc3a17c42d3777376335bcf6b86ffc4bf86c9fe20bbef4805085732befde9e8d83c704f67b6964970766602ba816351c7e95208297c50261c19ba53607df24892a90c66ce119c46e107846b139840ccb96772017c77861ab1458ceb84a0579d4d54ae233a9eac6861465dd388fba6e49d42355dda52251565d6651d72c8e93c1565cafa1b8faea145135f7b2282d9c98d6cb445e4ceb24a1984a63ca4863df2943df89ea90466b91f64f4bdfb4f58bb84f8688a0c7283b2ab006afb245db7ca2a034d2e4c6c4c7d32257b82925ca4962726e72f43bba7fd5f13cdb0e3408a4f6209e9b1cecce0953a81941f29cac7ba6f415dbce094b4865287e4ad5a17ee81acbce1503fa5688ac19cf450c3b5180b5b529c3de42d48942d2896e6d59b167fde1e76c6770767544bfd8d6bd993d0797132a18917219444d190493e35f7c823bde558c2e2097ff5d822c7c6e204e21660c7c6aaf5be7b9899f926acbcd505465619ccf6e41ee0570237c9ee6e193e7e730195d362e9ef429ee3420217804c14dfc71952f57396c32583c46d480415b7755fd45c43c9ae6d38fc5f59ecc4513209921f20dfd1817af11d5745f0bdcdc2410c826807d87515fe6c887f8f9ad46ba4b624d20ccbeda94f100e0088260d9c778ee7d0336b441f1fb009e3dffadb9f7290369ef089aeda797a1f79c7a8b0c6334e5e1bf508683c5eb8fff03c96f690499cd0000, '6.2.0-61023'),
('202001181933011_changeProductPriceToDecimal', 'ShopLogin.Migrations.Configuration', 0x1f8b0800000000000400ed5ddd4ee43816be5f69dfa154972ba60a28a0590433a2f9d941d3d0a88b1eed5d2b2406a24e253549aa07b49a27db8b7da47d85b51327f17f6cc74955cdb6b82962fbf3f1f1f1b17d7cecf3df7fffe7f4a7d74534fa06d22c4ce2b3f1de64773c02b19f0461fc7c365ee54f3f1c8f7ffaf1af7f39bd0a16afa35fab7c33940f968cb3b3f14b9e2f4fa6d3cc7f010b2f9b2c423f4db2e4299ff8c962ea05c9747f77f7efd3bdbd2980106388351a9d7e5ac579b800c53ff0df8b24f6c1325f79d16d128028c3df61cabc401ddd790b902d3d1f9c8de72fc9f243f21cc69332ef78741e851ea4630ea2a7f1c88be324f77248e5c9e70cccf334899fe74bf8c18b1ede9600e67bf2a20c60ea4f9aecba0dd9dd470d9936052b287f95e5c9c210706f863933658b5bf1775c730ef2ee0af2387f43ad2ef877363e0f82146490636c5d2717518af2f1dc9de0323ba33a65a71603282de86f6774b18af2550ace62b0ca532fda19ddaf1ea3d0ff05bc3d245f417c16afa288240d1207d3a80ff0d37d9a2c419abf7d024f98e09b603c9ad2e5a66cc1ba1851a66ccb4d9ccff6c7a33b58b9f71881bae78976cff32405ff003148bd1c04f75e9e83344618a0e01d573b53d7459107732e4fe198198f6ebdd70f207ece5fcec64770905c87af20a83e60023ec7211c61b04c9eae405b1d101780bcef5adeafc2282890a5f5ecb9a8e77ce9a5f90272b7ef8aee932cbf80b9ddd6733a6d069572a8bdf7b2afa8d70c465a59643d030d7e09567ece8f3761ee8ba25120b5199e444dea51da32f20812bae09c2f123815ddc4557f1961dd79dfc2e7a25b25d48d479f405464c85ec26539454daac42f659d501d5fa7c9e253121105abb42f0f5efa5cd0954832cc9355ea1b9086f92fa40ca78908639238bad8741159da83a7619fc1f0a90a7d9fa944755d876996a39f0a7d38d3d3878623ec83b7a68aaf165e18296a853ffba8f67d98e62f97b093aaaad1ef8770618e74ff92c4e06eb578442341da8cfd5e98578ee35fbd68d5b403f8e1c2831cbd4fe12fbc5f381e8fe6be87602d746fb9b4ecaac2efbd2cfb3d4983ee4b2453c9463a66f05ae1ae8698f544cb9afd639bf59374c6a8770daab9acce2498cb705a3d2770735995a19a547429abe7a9aeb3ac943276bad3a50c75929aac32878026942027a8481551a33db99e2f9770c22be82a6930d90cd265b771aaed30601ccf3ffb87470ef639452d1749fc14a60b50b7f27d02c5c68bad75e9cf5ef6e260ea6cd9d9027f9542e19ce7de62d97b6d7ab3a9f3ba9c75cdc3efc9b5e7c355e0558c4a75c6fb90f85f93557e15076881f239f7f9f58a26801372ce7d1f4e01d75098417081f664dd1605483db5ac3a75c79ffd2e30f2c28578766214e9972a6b331f8873701383249be97c55e8703d52abac7252cb1cada4e26ca6a422303d4a714e39a14586563acb5c9de6dc6a9786f08a1e52cdbab7b581f73c5bde817c52959e94b8d729c4844afaeb8483dd1969176e26ec7ddd097bb6f7f8343b3e3cf282d9d101981dfe19f7c9ce56d7a6f62cd47da8d2dee7a6a2266a63e7a82aabd180f750ae47035e936efa6828c8849fbf85015a9568985eabcc105e2b7f25cfa6638ea16ce8e1403573e8ca87d10156c305cd45ee470b42ddfcc12216656156d4201ba95f97f6afe8dd1089abcf080c4c03b8cc369a04fa5f55dca7a1df9f1db5659fd3939dfb12647e1a2e4b5785bed72c90ebcf49fad6d5547c1d822828d63e7b35cd90e2c8a0e0be6dc1996dc103db8287bdf74b53d7d18075bd1bb0aee3deebaa4ea00b15d3f124a4d0c1ad860f4bbaadccf00647caec3e5c76e4ac6d7ec14a436c87c7895f702df4f9009bc81fc37339ba1d78d7a49a1c78e342dfa75c515deb99140bc5817eee29ea3e74e1df54d7b43f584db3c16a3a18ac26d51ce9b626d50ce9b626d5fce8b626d5ec6857539bdf92e4b0d74c9b73a7ab527d6fa5cdaf16cb287903ca8d3aa7cdab42dfb5b958e2bebb2f0de25df273980227ce4b732ff2d23776ebd2dd03cad2cd733057a39e16166dbe46aeaab5f202aa7497c80b884de3942f97c1c9499b7b43e9761849b7c53966dd67f3c8d22b1666b2bfbfe06c8d38f3a99c400bb29888f47996257e5850c5b843d7c38b6ee3551c8cda3cee4a3e930e6890dd501c4374d40d89381bff8de39d02b7de0e37b8f5d0a761f7c6accc7e8c2f410472303af7cb5b52175ee67b01df77903f01fd058a394811733de4f194c14114c6393f26c2d80f975ed4423c534e733421baea1ad8944bb00431eafd96fed0a99a98b1780aea8a188eb531e8744a4897a6d055969b56e1e0ec38ed42e7543a142409e4b5baf0d1360abac91cc39321658e69bb4ed5f27b3d03099dc42d4ad6cf6d3e528476629d5e0791c316e72c823e8183502f82a9e6d800e2a966890e01d263e07508287686d31500d6336ed3049471c9930828de8b0c22a034c7d620a0344bb64e404b1f48ddfe671c22374d3c694f4c8974963bbf41849362d71a6493e2c7c68b267df5a575ed46df8371b481a1aecfe8cbf7ee64b2e77865485232e4b29064ebc68b0c7b7a2ceb5fe95172d3c3b54fd3209a4b7a5d7aa00d88842103089aa4e53a35df2b1e2118444171a748527d223f522214557da83fcca657eeb4d03a0a5c6d7b656c1942c1c99aafb5f125fccbd6227a9c055dd6cb72737ad3c9cdf9a3fe0c29b5c26f83894f46fc006227eb8f6d30f1092cdd32f15099bdf965b86809de93d65318db87df1fc8b9348024ca39a153b9d863be17412c8f3d60991c960029bf71bd7c4489e055e4800e1b86cff0327c06c44a06029f839c1e63e81e6073dcc2ea334e2bd218b5ef228750ade15a00aac5b708a2d9ceb480e0a328be15ecd6a5058733358a4005f64803d8ea8aa812165b910c60f17d4e256a39ba5b401b2f210eab5e20b57569b962088504352bbf16946af6108134b3780b481b5b842c21c6262fa7cd393e914df6e207ab30348e23eb16504383533d1a0790041231d2d9f9836eac0923eaa1af608470732a269fdd9fda3382dd58124835cd9dd920bba5ce3343e7e046e76844c018acf7144c69396621b044bacf39972aedd7ce25d1e981c9f941272e31b67e0997aac638e712d65aed4c1258b00d6cd89d5844db9b251cc20d71a773ca595ca17078fba98605d55ed55036d3367e5a349cbb22c2375d6907d4b204127437b3bfa2f532035e2f7a56e0be2ce87eb5754ad33e458a01b18451c981d4aea4c1530b66f0ce843c2fd4e6123d8309413db10c5330426a22e96911227244e359d1b689d7ddc6138d106a34dd5db7232d5979c7d5dbc43aed745abe098e3f9c4e258f879fde7acb65183f138f89e32fa379f992f8c50f73f347b61725c6d4a7f8cc6e6aeb9af224f59e01930aab8694163eed975eee3d7ac873f1225870d9849b62c96ea0aa92ddf7f2bd58ed13aa12e83776da96bcfe2d3021e0c2d7b079e839e7a2a5801f097cc9117ad41d39870bbc502f9268b588e5e61079e9f2256eb2fc85e05a810aa17a679bc4a8bee9a334ef689338cd577d24e2a56c128af8ac8fd53c864d42355f79a4d329d3c19c5d889323ce68470ba696d8ca277803a1c556197399951594b2b539b0a2f82a3fc7926391be7794182b7cf214c2c33c6b4d491093b6319ddfac4b3b757f6d5133170079d17eb41671ad8904213eeb6335179548a8e6ab3e12be7944c2e04f067ab07905995284cd6703ed45de02a2061a9960401bf9b631451d996030d89a731c6a9cc98f77146dad6f18510dadbf1ac843695fa584416472556154ce1f2488cc21646d6a43b6e83559e63036748be54e1b423f0ac4c550655f90e5c0883473412e5f921509739962b040a39f8ba5d66974d2fa548bf8e15709b0155ff9676049743ed54461700fc2d2ca834bb6c016d0cca619285efecd584a01f3c966aa8f9f4e9baf1ba3fe0436ed4eba903ffa33d7861a18fde843b3094bba166f1ee3a496e2cd67432cc15a83fcbe91b2243d9cb094a572f1d14d962418ca25d07dfd8825b714ba97bebc29c7bc275fa664767df29739e5785bb1c4e22d79cec4a2389dee261562887e5544e52f43a2c87c68d6d66d8a930283deaa5c22cc3b495ab21fe58f5f59a40765c807c75261f053bee9ee997a179104a2120c2610c237959a40143eab7234ea0544dae64024d8e0edcbf0f6edf06632bc991dde810cefc00eef50867768877724c33bb2c37b27c37b6787772cc33bb6314ce2d70e4576499c64342513cf1ef296d88d5bb21327afdd2c9d959f9985a5535ab41fdddc5daf924feb718288bf5ba089d416fe6e8126525af8bb059a4865e1ef1668228585bf5ba089d415fe6e81265256f8bb059a4855e1ef1ba3031a9f834e2aa0f612355701f2a2df0f3bcc2ca8cda369244cf3d5c0c6895f4da38c9bf8dbfaac9adb7fc0b1a641ee70afdc719f6cb6471e6aaeefb55b381722364b5d3bfe52ff5fbb1061f71dcaafa86835f2122a5a9b615722d69fa7cc82def82fad4267e3dbb7f96fd104a54f8a9f175158787154396ebd387c02595ebe05373e9cc079f93c0abdac74f4c29e4a27ec8d182dd7a5bd19725d02c162ca163777804228591650cf8c0aa24c0aef310ef0845d8878dafadaa86974a6a2505941fccd4bfd172fe51ee36c30b5821f62d722a7a08d9f910276cf1896f039728adb38207580d57e1a52e4dda32791aa8be982cbc4528f9d7639266a22c499bb05771307e0f56cfcafa2d4c9e8e69f5fea823ba38f29d42627a3ddd11fe6724e906e567f53b21301ac6f1241849bd036620f9fad554cdcbbc8c22134dbedfcecb12b5cea55e3288138c53dcfae31d603f83b2f9e292682ea985327786f58d8f07d73684140f5a0f780eabaa3b72ed869f0b2af236b4c6ae66f1fbb02a5437d35a81adc2a8bd2ac625fcc753263299d8a86d059e209996e9ff9b0170f29f4e2afd9f2411cfafa3149222771af45dac93aacb52d984023398072c33459446a2b306938ea76d5aed37871b06a2b4aa591aadb97296235249e67db145155b2f8bc33bac93ec7e16f2b98f000d9c1a8246670b98a462970edd9da95d460f3815d3860db41cf47fbd543721accb766d91fff0741729dcd99f77c0c5c67d8eb947697816fbb49d6e01165d7ad56e838b346d4944587e876a1d7d0d6ce2b54e8d77ac7a712e45ee2c2365a5f5975f718b0d6131517e2b565f36a4ead20faeb539478c6a40a82c176c49939c239708473d8b537058161bb43bd730775dc154a18b5d5660340bb28f5b24413fbfa6cad46ed5fadf1513c850baf43e35d281fb4d335f0ac2fe083be800ffb023eea0bf85d5fc0c79d80cde353fe39f481e20c44635d8b0e3a6a847a79bbcf2c6f9d9ea05853b5d79daa7643ac852d9d0d1a1914bf3b058ce41630b6e7373673f2869da3581f935107273a53256f4474bb93e7bd90b6ea14c36e38a346f76fa8ed1036b07e68ab6cd9606f7df36fcd5906fab00be6227dda4847fe4636c137b6e25570e3c07feb8cf447fb890c17d86f08a9913e6364e2723490d0740bdcb701a1a6040f5e1334ad293cdf90cfc6abaefb1b58ce373f08df86091b1dd87b8da1f6861636d97b001b2e6c4601f5364cd6ca433489a80d17376f6849935c9dd83041d30b8fd741c08441ecd6bc061f5e308c5670db14fc6e8dd1ee865e850b4f88fb11178345b8ea96c06686af5b67b83a03a9751c9d6ec028887fb2e073eb37143541710812f4e3dd6dbaa148719b7bf30c4596e1e3362562dc3a17c42d977a376335bcf69070fc23f96c9fe2bbbff48050457a2bafe59e8d83c704f67b696497c76c602ba816351c7e95208297850961c19ba53607df24892a908673e119c46e107846b139840ccb96772017877f61ab1458ceb84a0579d4d54a4237a9eac6861465dd388fba6e49402455dda52251565d6651d72c0ea1c1565cafa1b8faea145135f7b2002e9c98d6cb445e4ceb24a1984ac3cd48c3e229a3e289ea90067291f64f4bdfb4f58bb84f8608aec7283b2ae606afb245db7ca2a03408e5c684ced32257b82925ca49c2756e72603cba7fd5a13edb0e3408a4f6f89e9b1c07cf0953a81941f2d2ac7ba6f415f6ce094b4865287e65d5a17ee81ae6ce1503fa5688ac19cf45783b51ecb5b529c3dea2d789a2d5892e7459b167fd91e96c67707675443fe6d6bd993dc79d132a18917219444d19c499e31f83823bde558cee2697ff5d822c7c6e204e21660c7c6aaf5be7b9899f926acbcd505465619ccf6e41ee0570237c9ee6e193e7e73019dd432e5efb29ee3420217804c14dfc71952f57396c32583c46d480415b7755fd45303d9ae6d38fc5f59ecc4513209921f20dfd18170f15d5745f0bdcdc2410c826807d87515fe6c887f8f9ad46ba4b624d20ccbeda94f100e0088260d9c778ee7d0336b441f1fb009e3dffadb9122a0369ef089aeda797a1f79c7a8b0c6334e5e1bf508683c5eb8fff0360ae262bcecd0000, '6.2.0-61023');

--
-- Indexes for dumped tables
--

--
-- Indexes for table `addresses`
--
ALTER TABLE `addresses`
  ADD PRIMARY KEY (`Id`);

--
-- Indexes for table `aspnetroles`
--
ALTER TABLE `aspnetroles`
  ADD PRIMARY KEY (`Id`),
  ADD UNIQUE KEY `RoleNameIndex` (`Name`) USING HASH;

--
-- Indexes for table `aspnetuserclaims`
--
ALTER TABLE `aspnetuserclaims`
  ADD PRIMARY KEY (`Id`),
  ADD KEY `IX_UserId` (`UserId`) USING HASH;

--
-- Indexes for table `aspnetuserlogins`
--
ALTER TABLE `aspnetuserlogins`
  ADD PRIMARY KEY (`LoginProvider`,`ProviderKey`,`UserId`),
  ADD KEY `IX_UserId` (`UserId`) USING HASH;

--
-- Indexes for table `aspnetuserroles`
--
ALTER TABLE `aspnetuserroles`
  ADD PRIMARY KEY (`UserId`,`RoleId`),
  ADD KEY `IX_UserId` (`UserId`) USING HASH,
  ADD KEY `IX_RoleId` (`RoleId`) USING HASH;

--
-- Indexes for table `aspnetusers`
--
ALTER TABLE `aspnetusers`
  ADD PRIMARY KEY (`Id`),
  ADD UNIQUE KEY `UserNameIndex` (`UserName`) USING HASH;

--
-- Indexes for table `baskets`
--
ALTER TABLE `baskets`
  ADD PRIMARY KEY (`ProductId`,`CustomerId`),
  ADD KEY `IX_ProductId` (`ProductId`) USING HASH,
  ADD KEY `IX_CustomerId` (`CustomerId`) USING HASH;

--
-- Indexes for table `categories`
--
ALTER TABLE `categories`
  ADD PRIMARY KEY (`Id`),
  ADD KEY `IX_Name` (`Name`(768)) USING HASH;

--
-- Indexes for table `customers`
--
ALTER TABLE `customers`
  ADD PRIMARY KEY (`Id`),
  ADD KEY `IX_AddressId` (`AddressId`) USING HASH,
  ADD KEY `IX_UserId` (`UserId`) USING HASH;

--
-- Indexes for table `employees`
--
ALTER TABLE `employees`
  ADD PRIMARY KEY (`Id`),
  ADD UNIQUE KEY `IX_Login` (`Login`) USING HASH,
  ADD KEY `IX_LastFirstName` (`LastName`,`FirstName`) USING HASH,
  ADD KEY `IX_AddressId` (`AddressId`) USING HASH;

--
-- Indexes for table `products`
--
ALTER TABLE `products`
  ADD PRIMARY KEY (`Id`),
  ADD KEY `IX_Name` (`Name`(768)) USING HASH,
  ADD KEY `IX_CategoryId` (`CategoryId`) USING HASH,
  ADD KEY `IX_Price` (`Price`) USING HASH;

--
-- Indexes for table `__migrationhistory`
--
ALTER TABLE `__migrationhistory`
  ADD PRIMARY KEY (`MigrationId`);

--
-- AUTO_INCREMENT for dumped tables
--

--
-- AUTO_INCREMENT for table `addresses`
--
ALTER TABLE `addresses`
  MODIFY `Id` int(11) NOT NULL AUTO_INCREMENT, AUTO_INCREMENT=10;

--
-- AUTO_INCREMENT for table `aspnetuserclaims`
--
ALTER TABLE `aspnetuserclaims`
  MODIFY `Id` int(11) NOT NULL AUTO_INCREMENT;

--
-- AUTO_INCREMENT for table `categories`
--
ALTER TABLE `categories`
  MODIFY `Id` int(11) NOT NULL AUTO_INCREMENT, AUTO_INCREMENT=10;

--
-- AUTO_INCREMENT for table `customers`
--
ALTER TABLE `customers`
  MODIFY `Id` int(11) NOT NULL AUTO_INCREMENT, AUTO_INCREMENT=10;

--
-- AUTO_INCREMENT for table `employees`
--
ALTER TABLE `employees`
  MODIFY `Id` int(11) NOT NULL AUTO_INCREMENT;

--
-- AUTO_INCREMENT for table `products`
--
ALTER TABLE `products`
  MODIFY `Id` int(11) NOT NULL AUTO_INCREMENT, AUTO_INCREMENT=18;

--
-- Constraints for dumped tables
--

--
-- Constraints for table `aspnetuserclaims`
--
ALTER TABLE `aspnetuserclaims`
  ADD CONSTRAINT `FK_AspNetUserClaims_AspNetUsers_UserId` FOREIGN KEY (`UserId`) REFERENCES `aspnetusers` (`Id`) ON DELETE CASCADE ON UPDATE CASCADE;

--
-- Constraints for table `aspnetuserlogins`
--
ALTER TABLE `aspnetuserlogins`
  ADD CONSTRAINT `FK_AspNetUserLogins_AspNetUsers_UserId` FOREIGN KEY (`UserId`) REFERENCES `aspnetusers` (`Id`) ON DELETE CASCADE ON UPDATE CASCADE;

--
-- Constraints for table `aspnetuserroles`
--
ALTER TABLE `aspnetuserroles`
  ADD CONSTRAINT `FK_AspNetUserRoles_AspNetRoles_RoleId` FOREIGN KEY (`RoleId`) REFERENCES `aspnetroles` (`Id`) ON DELETE CASCADE ON UPDATE CASCADE,
  ADD CONSTRAINT `FK_AspNetUserRoles_AspNetUsers_UserId` FOREIGN KEY (`UserId`) REFERENCES `aspnetusers` (`Id`) ON DELETE CASCADE ON UPDATE CASCADE;

--
-- Constraints for table `baskets`
--
ALTER TABLE `baskets`
  ADD CONSTRAINT `FK_Baskets_Customers_CustomerId` FOREIGN KEY (`CustomerId`) REFERENCES `customers` (`Id`) ON DELETE CASCADE ON UPDATE CASCADE,
  ADD CONSTRAINT `FK_Baskets_Products_ProductId` FOREIGN KEY (`ProductId`) REFERENCES `products` (`Id`) ON DELETE CASCADE ON UPDATE CASCADE;

--
-- Constraints for table `customers`
--
ALTER TABLE `customers`
  ADD CONSTRAINT `FK_Customers_Addresses_AddressId` FOREIGN KEY (`AddressId`) REFERENCES `addresses` (`Id`) ON DELETE CASCADE ON UPDATE CASCADE,
  ADD CONSTRAINT `FK_Customers_AspNetUsers_UserId` FOREIGN KEY (`UserId`) REFERENCES `aspnetusers` (`Id`);

--
-- Constraints for table `employees`
--
ALTER TABLE `employees`
  ADD CONSTRAINT `FK_Employees_Addresses_AddressId` FOREIGN KEY (`AddressId`) REFERENCES `addresses` (`Id`) ON DELETE CASCADE ON UPDATE CASCADE;

--
-- Constraints for table `products`
--
ALTER TABLE `products`
  ADD CONSTRAINT `FK_Products_Categories_CategoryId` FOREIGN KEY (`CategoryId`) REFERENCES `categories` (`Id`) ON DELETE CASCADE ON UPDATE CASCADE;
COMMIT;

/*!40101 SET CHARACTER_SET_CLIENT=@OLD_CHARACTER_SET_CLIENT */;
/*!40101 SET CHARACTER_SET_RESULTS=@OLD_CHARACTER_SET_RESULTS */;
/*!40101 SET COLLATION_CONNECTION=@OLD_COLLATION_CONNECTION */;
